Simulations,Pedestrian,Real X,Predicted X,SSE X,Real Y,Predicted Y,SSE Y
10,0,700,704.7836828,22.88362083,1076,1066.344176,93.23493772
10,1,734,737.5331534,12.48317278,1184,1189.947757,35.37580833
10,2,733,728.278732,22.2903715,1234,1242.904072,79.28250009
20,0,700,695.6859493,18.61103327,1076,1067.430025,73.44446786
20,1,734,741.137814,50.9483884,1184,1193.133661,83.42375544
20,2,733,732.5014508,0.248551336,1234,1246.721734,161.8425176
30,0,700,698.3607975,2.68698493,1076,1062.873841,172.2960416
30,1,734,732.8206072,1.39096729,1184,1195.311303,127.9455687
30,2,733,732.8725619,0.016240468,1234,1238.744,22.50553623
40,0,700,698.8989474,1.212316718,1076,1064.471632,132.9032716
40,1,734,734.2294398,0.052642634,1184,1190.397585,40.92909274
40,2,733,732.797503,0.041005052,1234,1243.529737,90.81587944
50,0,700,698.0888191,3.652612531,1076,1062.874266,172.2848943
50,1,734,732.6206152,1.902702366,1184,1190.320586,39.94980888
50,2,733,735.0660591,4.268600334,1234,1240.124688,37.5118033
60,0,700,700.6462581,0.417649508,1076,1064.838162,124.5866307
60,1,734,735.6990111,2.886638611,1184,1191.038711,49.54345683
60,2,733,736.3683736,11.34594052,1234,1249.125399,228.7776951
70,0,700,696.9091178,9.553552677,1076,1064.583692,130.3320827
70,1,734,735.1308635,1.278852365,1184,1190.129045,37.56519647
70,2,733,735.2262203,4.956056699,1234,1247.898338,193.163794
80,0,700,699.4862932,0.263894639,1076,1061.566,208.340363
80,1,734,734.9004446,0.810800499,1184,1191.172261,51.44133164
80,2,733,736.1548884,9.953320616,1234,1244.034785,100.6969196
90,0,700,697.1239976,8.271389755,1076,1062.768361,175.0762813
90,1,734,735.0970532,1.203525791,1184,1189.055171,25.55475186
90,2,733,734.5850795,2.512477048,1234,1248.517733,210.7645646
100,0,700,697.9185179,4.33256767,1076,1062.637358,178.5601911
100,1,734,733.5822439,0.174520144,1184,1188.765093,22.70610884
100,2,733,733.4309614,0.185727701,1234,1245.997217,143.9332258
110,0,700,698.8903604,1.231300095,1076,1063.603868,153.6640952
110,1,734,736.1323924,4.547097171,1184,1190.119066,37.44297275
110,2,733,734.005086,1.010197804,1234,1244.583946,112.0199234
120,0,700,699.8148614,0.034276306,1076,1062.621443,178.9857877
120,1,734,734.3133853,0.098210365,1184,1193.827529,96.5803344
120,2,733,734.6071216,2.582839788,1234,1244.265702,105.3846413
130,0,700,699.1520666,0.71899101,1076,1063.503272,156.1682094
130,1,734,736.3511824,5.528058767,1184,1189.545599,30.75367027
130,2,733,734.4547302,2.116240045,1234,1245.715998,137.2646102
140,0,700,697.9936687,4.025365165,1076,1064.047826,142.8544684
140,1,734,735.8067874,3.264480855,1184,1190.151002,37.83482392
140,2,733,734.4529449,2.11104877,1234,1246.533252,157.0824078
150,0,700,698.4153838,2.511008609,1076,1062.074218,193.9274132
150,1,734,734.8821862,0.778252507,1184,1192.788826,77.24346373
150,2,733,734.2531772,1.570453106,1234,1244.36809,107.4972983
160,0,700,698.3858731,2.605405556,1076,1062.711035,176.5965962
160,1,734,735.1839035,1.401627536,1184,1192.447592,71.36181375
160,2,733,733.7028461,0.493992613,1234,1243.67849,93.67316293
170,0,700,699.5022962,0.247709071,1076,1061.65568,205.7595193
170,1,734,734.8732783,0.762614939,1184,1190.422916,41.25384722
170,2,733,734.3323102,1.775050599,1234,1242.634487,74.55436839
180,0,700,698.4148058,2.512840546,1076,1062.900666,171.5925386
180,1,734,735.1343757,1.286808239,1184,1191.481216,55.96859346
180,2,733,735.1468083,4.608785783,1234,1247.429051,180.3394183
190,0,700,698.1943246,3.260463476,1076,1063.556292,154.8458802
190,1,734,736.0060874,4.024386524,1184,1191.44598,55.44262109
190,2,733,734.0470872,1.096391696,1234,1243.973477,99.47025017
200,0,700,698.4571368,2.380426906,1076,1063.618698,153.2966461
200,1,734,735.0459926,1.094100519,1184,1191.298567,53.26907397
200,2,733,732.9141117,0.007376797,1234,1243.179897,84.27051167
210,0,700,698.4303125,2.463918734,1076,1063.066999,167.2625112
210,1,734,733.886431,0.012897926,1184,1190.720077,45.15943217
210,2,733,734.5536299,2.413765735,1234,1247.028924,169.7528552
220,0,700,700.1990405,0.039617121,1076,1064.699625,127.6984753
220,1,734,734.4829218,0.233213482,1184,1191.119686,50.68992245
220,2,733,734.9496913,3.801296141,1234,1248.117597,199.306555
230,0,700,697.957182,4.173105393,1076,1062.999549,169.0117301
230,1,734,734.9858845,0.971968257,1184,1191.811747,61.02339648
230,2,733,735.913513,8.488558091,1234,1247.54331,183.421251
240,0,700,698.9816536,1.037029409,1076,1063.716651,150.8806696
240,1,734,734.1987684,0.039508858,1184,1190.807932,46.34793294
240,2,733,735.2196195,4.926710714,1234,1246.875891,165.7885743
250,0,700,698.2242757,3.153196956,1076,1063.426763,158.0862967
250,1,734,734.1584201,0.025096941,1184,1191.815419,61.08077355
250,2,733,735.8710058,8.24267446,1234,1247.085571,171.2321587
260,0,700,699.6694745,0.109247104,1076,1062.704391,176.7732069
260,1,734,734.8189418,0.670665701,1184,1191.632052,58.24822374
260,2,733,734.8381747,3.378886326,1234,1247.342112,178.0119615
270,0,700,698.1476338,3.431260691,1076,1062.795474,174.3595188
270,1,734,736.8581605,8.169081586,1184,1189.852935,34.25684583
270,2,733,735.0026372,4.010555576,1234,1246.485654,155.8915445
280,0,700,698.460333,2.370574372,1076,1064.051763,142.760379
280,1,734,735.2313949,1.516333474,1184,1190.54526,42.84043043
280,2,733,734.194654,1.427198114,1234,1245.593807,134.4163528
290,0,700,698.2690349,2.996240213,1076,1062.886538,171.9628794
290,1,734,734.4953012,0.245323321,1184,1191.438987,55.33852919
290,2,733,734.770204,3.133622344,1234,1245.506617,132.4022447
300,0,700,698.6625455,1.788784497,1076,1062.504926,182.1170126
300,1,734,735.2234037,1.496716634,1184,1190.623613,43.87225239
300,2,733,735.3260269,5.410401251,1234,1245.635849,135.3929761
310,0,700,696.9076063,9.562898749,1076,1063.84174,147.8232819
310,1,734,735.6274575,2.648617934,1184,1190.918859,47.87060656
310,2,733,734.0533744,1.109597608,1234,1245.401166,129.9865884
320,0,700,699.2044851,0.632843979,1076,1063.80468,148.7258188
320,1,734,734.544038,0.295977356,1184,1192.006076,64.09724957
320,2,733,734.490581,2.221831683,1234,1245.308897,127.8911544
330,0,700,699.8995527,0.010089661,1076,1063.334166,160.4233443
330,1,734,734.5082642,0.258332538,1184,1191.879347,62.08411179
330,2,733,734.9234042,3.6994836,1234,1243.40859,88.52156701
340,0,700,699.1944911,0.64884466,1076,1062.704349,176.7743429
340,1,734,735.2612931,1.590860252,1184,1191.487945,56.06931783
340,2,733,734.9590133,3.837733294,1234,1244.924453,119.3436651
350,0,700,699.3149644,0.469273804,1076,1063.659537,152.2870371
350,1,734,734.3692475,0.136343708,1184,1190.373543,40.62205001
350,2,733,734.7750356,3.150751214,1234,1246.385772,153.4073483
360,0,700,697.9759719,4.09668966,1076,1063.711658,151.0033466
360,1,734,735.7847767,3.18542783,1184,1192.232506,67.77415012
360,2,733,735.1125322,4.462792122,1234,1245.472195,131.6112664
370,0,700,699.1413463,0.737286244,1076,1064.016081,143.6143119
370,1,734,734.7486474,0.560472867,1184,1190.265867,39.26109151
370,2,733,735.0522761,4.211837164,1234,1247.416545,180.0036906
380,0,700,698.6937605,1.706261657,1076,1063.975646,144.5850921
380,1,734,734.8953722,0.801691311,1184,1190.021475,36.25816304
380,2,733,735.4649673,6.076063633,1234,1247.001733,169.0450583
390,0,700,699.6819078,0.101182666,1076,1063.773568,149.4856309
390,1,734,734.1936073,0.037483787,1184,1191.574658,57.37544592
390,2,733,735.014698,4.059008071,1234,1246.250641,150.0781973
400,0,700,698.5815309,2.012054593,1076,1062.715716,176.472191
400,1,734,734.5749518,0.330569603,1184,1190.608533,43.67270279
400,2,733,735.0798555,4.32579886,1234,1244.799694,116.6334006
410,0,700,698.3035921,2.877799803,1076,1063.855932,147.4783849
410,1,734,735.2361882,1.528161334,1184,1190.748101,45.53687043
410,2,733,734.820445,3.314020106,1234,1247.346942,178.1408593
420,0,700,699.2051579,0.631773952,1076,1063.128111,165.685526
420,1,734,735.4312707,2.048535922,1184,1191.00793,49.11107961
420,2,733,735.49105,6.205330275,1234,1245.538538,133.1378501
430,0,700,698.5944679,1.975520552,1076,1062.973986,169.6770452
430,1,734,734.7999003,0.639840436,1184,1191.445861,55.44085341
430,2,733,734.7604888,3.099320943,1234,1245.687291,136.5927671
440,0,700,698.6942232,1.70505299,1076,1062.704487,176.7706555
440,1,734,735.1203787,1.255248522,1184,1190.382526,40.73664154
440,2,733,734.1491041,1.320440259,1234,1246.257998,150.2585227
450,0,700,699.7942515,0.042332463,1076,1061.975327,196.6914466
450,1,734,734.9556862,0.913336069,1184,1190.958863,48.42577933
450,2,733,734.8114217,3.281248604,1234,1245.712622,137.1855106
460,0,700,698.7297077,1.613642638,1076,1062.854309,172.8092
460,1,734,734.1355592,0.018376298,1184,1190.942594,48.19960757
460,2,733,734.9998017,3.999206998,1234,1246.98752,168.6756645
470,0,700,698.992073,1.015916853,1076,1063.336949,160.3528633
470,1,734,734.6160203,0.379481039,1184,1191.006982,49.09779896
470,2,733,734.6686493,2.784390462,1234,1246.241018,149.8425138
480,0,700,698.4492047,2.404966173,1076,1063.258045,162.3574108
480,1,734,734.8058195,0.649345143,1184,1191.159712,51.26147697
480,2,733,734.2293488,1.51129841,1234,1246.893297,166.2371106
490,0,700,699.4682967,0.282708389,1076,1062.444392,183.7544977
490,1,734,734.8461816,0.716023317,1184,1190.497087,42.21213919
490,2,733,734.5629707,2.442877404,1234,1246.639584,159.7590925
500,0,700,699.2366957,0.582633499,1076,1062.582497,180.0293883
500,1,734,735.5462133,2.390775623,1184,1190.661342,44.37347148
500,2,733,734.8892656,3.569324403,1234,1246.59712,158.687438
510,0,700,698.7900455,1.463989858,1076,1063.480592,156.7355669
510,1,734,734.6279936,0.394375913,1184,1191.364247,54.23212951
510,2,733,733.9951812,0.990385671,1234,1246.969382,168.2048805
520,0,700,699.2195986,0.609026378,1076,1062.878929,172.1624979
520,1,734,735.712351,2.932145917,1184,1189.749307,33.05453479
520,2,733,735.2617773,5.11563638,1234,1245.710673,137.1398642
530,0,700,698.7990268,1.442336626,1076,1063.455552,157.3631769
530,1,734,735.0848693,1.176941309,1184,1190.778903,45.9535216
530,2,733,734.9647947,3.860418317,1234,1246.729922,162.0509029
540,0,700,699.0143828,0.97144124,1076,1064.131363,140.8645375
540,1,734,735.5798997,2.496083077,1184,1190.193069,38.35409772
540,2,733,735.2985266,5.283224719,1234,1245.782491,138.8271036
550,0,700,699.0774236,0.851147162,1076,1062.57108,180.3359043
550,1,734,735.7176834,2.950436422,1184,1191.082738,50.16517509
550,2,733,735.1602132,4.666521252,1234,1246.916417,166.8338282
560,0,700,698.8867886,1.239239556,1076,1063.742414,150.2484189
560,1,734,734.7524824,0.566229764,1184,1190.894378,47.53244741
560,2,733,735.4032774,5.775742272,1234,1247.479037,181.684449
570,0,700,698.1106831,3.569518492,1076,1062.696575,176.9811111
570,1,734,734.4934703,0.243512901,1184,1191.294983,53.21677864
570,2,733,734.7995949,3.238541794,1234,1246.552049,157.5539253
580,0,700,699.7221127,0.077221328,1076,1062.177838,191.0521526
580,1,734,735.1845881,1.403248928,1184,1190.051035,36.61501864
580,2,733,735.3392533,5.472106162,1234,1246.116844,146.8179125
590,0,700,698.975207,1.050200721,1076,1063.891638,146.6124331
590,1,734,735.2214418,1.491920129,1184,1190.176556,38.14984174
590,2,733,735.607458,6.798837423,1234,1245.142151,124.1475193
600,0,700,699.487652,0.262500481,1076,1063.267989,162.104107
600,1,734,734.7470323,0.558057214,1184,1191.200228,51.84327703
600,2,733,734.8950808,3.591331113,1234,1245.694359,136.7580409
610,0,700,698.652495,1.815769753,1076,1063.125339,165.7569084
610,1,734,734.633081,0.400791588,1184,1191.336938,53.83066287
610,2,733,734.0991849,1.208207361,1234,1246.515585,156.6398776
620,0,700,699.5063533,0.243687073,1076,1064.159808,140.1901472
620,1,734,735.0768774,1.159664848,1184,1191.359201,54.15783597
620,2,733,734.4286199,2.040954902,1234,1245.803592,139.3247891
630,0,700,698.3227307,2.81323239,1076,1063.005432,168.8587869
630,1,734,735.3286648,1.765350063,1184,1191.891626,62.27776231
630,2,733,734.9768645,3.907993199,1234,1245.626466,135.1747017
640,0,700,699.064717,0.874754315,1076,1062.459665,183.3406825
640,1,734,734.8557074,0.732235144,1184,1190.371587,40.5971208
640,2,733,734.2795986,1.637372461,1234,1246.528902,156.9733884
650,0,700,698.7764839,1.496991582,1076,1062.812895,173.8997475
650,1,734,735.5305471,2.342574457,1184,1189.778237,33.38802829
650,2,733,735.1109237,4.455998736,1234,1245.335723,128.4986168
660,0,700,700.0248633,0.000618182,1076,1062.964258,169.9305793
660,1,734,735.0904438,1.189067646,1184,1191.851048,61.63896149
660,2,733,734.8275863,3.340071772,1234,1246.876593,165.8066409
670,0,700,698.9281394,1.148885199,1076,1063.845841,147.7235763
670,1,734,734.9153556,0.837875939,1184,1191.652565,58.56175462
670,2,733,735.340792,5.479307207,1234,1246.551641,157.5436907
680,0,700,698.7548046,1.550511547,1076,1062.759763,175.3038635
680,1,734,735.1012544,1.212761352,1184,1191.073189,50.03000254
680,2,733,735.2560511,5.089766737,1234,1245.167919,124.7224132
690,0,700,699.0604491,0.882755876,1076,1064.066267,142.4139807
690,1,734,735.0349181,1.071055415,1184,1192.46162,71.59901455
690,2,733,734.4873841,2.212311453,1234,1245.346797,128.7497977
700,0,700,698.92749,1.150277792,1076,1063.259746,162.3140791
700,1,734,735.6971672,2.88037658,1184,1190.736706,45.38321011
700,2,733,735.2282327,4.965020769,1234,1245.315865,128.0487945
710,0,700,699.1486828,0.724740978,1076,1062.737543,175.8927713
710,1,734,735.5121353,2.286553016,1184,1190.279796,39.43584154
710,2,733,735.2521171,5.072031401,1234,1246.2532,150.140922
720,0,700,699.230347,0.592365803,1076,1062.95455,170.1837778
720,1,734,735.3340676,1.77973646,1184,1191.823459,61.20650562
720,2,733,734.4776018,2.18330716,1234,1246.265363,150.4391271
730,0,700,699.4515896,0.300754004,1076,1062.92159,171.0448186
730,1,734,734.9616471,0.924765077,1184,1190.760885,45.70956464
730,2,733,734.7122009,2.93163196,1234,1245.597153,134.493956
740,0,700,698.7105059,1.662795009,1076,1063.892586,146.58948
740,1,734,734.9056931,0.820279917,1184,1190.733305,45.33739874
740,2,733,734.7166063,2.946737317,1234,1245.17504,124.8815244
750,0,700,699.1836369,0.666448659,1076,1063.327317,160.5969019
750,1,734,735.0382762,1.07801757,1184,1190.752135,45.59132246
750,2,733,734.2129541,1.471257727,1234,1246.017676,144.4245369
760,0,700,698.6458787,1.833644619,1076,1063.366033,159.6171222
760,1,734,734.7433186,0.55252258,1184,1190.806335,46.32619335
760,2,733,735.1674859,4.6979951,1234,1246.643354,159.8544014
770,0,700,699.7391933,0.068020135,1076,1063.19152,164.0571611
770,1,734,734.8278872,0.68539728,1184,1190.662278,44.38594543
770,2,733,734.9784485,3.914258274,1234,1245.720078,137.3602252
780,0,700,698.9392447,1.125201712,1076,1062.996398,169.093652
780,1,734,734.6342185,0.402233132,1184,1190.548335,42.88069183
780,2,733,734.5349182,2.355973887,1234,1246.150783,147.6415396
790,0,700,699.4883971,0.261737489,1076,1063.612591,153.4478904
790,1,734,734.6312957,0.398534286,1184,1191.483139,55.99736758
790,2,733,735.1892877,4.792980572,1234,1244.857084,117.8762769
800,0,700,699.129599,0.757597874,1076,1063.094505,166.5517994
800,1,734,735.2703466,1.61378046,1184,1189.797083,33.60617314
800,2,733,734.6531745,2.732985897,1234,1245.519171,132.691301
810,0,700,698.6822059,1.736581299,1076,1062.528149,181.4907757
810,1,734,735.1502503,1.323075839,1184,1190.496147,42.1999272
810,2,733,735.0185475,4.074533844,1234,1246.246712,149.9819463
820,0,700,698.5953475,1.973048726,1076,1063.044033,167.8570859
820,1,734,734.9713457,0.943512372,1184,1190.560039,43.03411682
820,2,733,734.9576041,3.832213726,1234,1246.005057,144.121385
830,0,700,698.8066045,1.424192865,1076,1062.519127,181.7339353
830,1,734,734.8261978,0.682602786,1184,1191.836413,61.40937299
830,2,733,734.575593,2.482493333,1234,1246.127212,147.0692811
840,0,700,698.2894696,2.925914165,1076,1063.603136,153.6822376
840,1,734,735.1017305,1.213810091,1184,1190.948716,48.28465271
840,2,733,734.4036138,1.970131695,1234,1245.819729,139.7059965
850,0,700,699.2654886,0.53950701,1076,1064.233453,138.4516347
850,1,734,735.3809077,1.906906174,1184,1190.729397,45.2847853
850,2,733,734.9407435,3.766485346,1234,1244.916654,119.1733399
860,0,700,699.0156697,0.968906182,1076,1063.136272,165.4754881
860,1,734,734.4311768,0.185913407,1184,1190.496332,42.20232666
860,2,733,734.5639489,2.445936282,1234,1244.932937,119.5291076
870,0,700,699.0568192,0.889590077,1076,1063.094887,166.541933
870,1,734,735.3074951,1.709543496,1184,1191.215364,52.06148289
870,2,733,734.5649222,2.448981365,1234,1246.063341,145.5241928
880,0,700,699.3808598,0.383334634,1076,1062.950754,170.2828112
880,1,734,735.0985274,1.206762554,1184,1190.796533,46.19286446
880,2,733,734.6708922,2.791880597,1234,1245.614938,134.906774
890,0,700,698.7824588,1.482406548,1076,1062.895263,171.7341272
890,1,734,735.0282376,1.057272517,1184,1190.41526,41.15556679
890,2,733,734.1685403,1.365486406,1234,1246.073666,145.7734092
900,0,700,698.738037,1.592550506,1076,1062.568067,180.4168343
900,1,734,735.071523,1.148161595,1184,1190.498412,42.22936341
900,2,733,734.7460831,3.048806052,1234,1245.817946,139.6638471
910,0,700,698.5103544,2.219044089,1076,1063.082836,166.8531206
910,1,734,734.9464343,0.895737929,1184,1190.707075,44.98485212
910,2,733,735.1721944,4.718428627,1234,1245.868415,140.8592671
920,0,700,699.094787,0.819410603,1076,1063.193391,164.0092335
920,1,734,734.6167099,0.3803311,1184,1190.687039,44.71649676
920,2,733,734.960736,3.84448584,1234,1245.131398,123.9080243
930,0,700,698.5505068,2.101030565,1076,1063.263904,162.2081504
930,1,734,734.8100467,0.656175662,1184,1189.927455,35.13471686
930,2,733,734.4558933,2.119625332,1234,1246.66616,160.4316201
940,0,700,699.1724539,0.684832607,1076,1063.130861,165.6147297
940,1,734,735.1485103,1.319075876,1184,1191.619929,58.06331686
940,2,733,734.6393175,2.687361825,1234,1244.92798,119.4207419
950,0,700,699.1228137,0.76945582,1076,1063.351534,159.9836847
950,1,734,734.7481787,0.559771306,1184,1190.55718,42.99660341
950,2,733,735.381005,5.669184772,1234,1245.851656,140.4617492
960,0,700,698.7738204,1.503516363,1076,1063.500597,156.2350634
960,1,734,735.3145058,1.727925619,1184,1190.874664,47.26100592
960,2,733,735.2665818,5.13739328,1234,1245.89875,141.5802399
970,0,700,698.9647717,1.07169766,1076,1063.735779,150.4111192
970,1,734,734.8168599,0.667260175,1184,1191.874636,62.0098958
970,2,733,734.0403597,1.082348254,1234,1245.86509,140.7803719
980,0,700,697.9313583,4.279278303,1076,1063.513429,155.9144481
980,1,734,735.3118872,1.721048139,1184,1190.512529,42.4130323
980,2,733,734.6645024,2.77056822,1234,1245.819657,139.7042983
990,0,700,699.0137238,0.972740653,1076,1063.579253,154.2749676
990,1,734,734.4749835,0.225609291,1184,1190.528703,42.62396202
990,2,733,734.67023,2.789668228,1234,1245.881946,141.1806334
1000,0,700,699.0565759,0.890049087,1076,1063.708108,151.0906029
1000,1,734,734.4858382,0.236038712,1184,1191.014171,49.19859229
1000,2,733,734.9418268,3.770691492,1234,1246.095011,146.2893018
1010,0,700,698.8063333,1.424840202,1076,1063.008437,168.7807068
1010,1,734,735.033957,1.069067071,1184,1190.316929,39.90358985
1010,2,733,735.1227727,4.506164127,1234,1245.784762,138.8806128
1020,0,700,698.3732797,2.646219039,1076,1063.19367,164.0020967
1020,1,734,735.236084,1.527903721,1184,1191.141575,51.00209326
1020,2,733,735.3690865,5.612570856,1234,1245.808089,139.4309719
1030,0,700,698.1909715,3.272584026,1076,1063.414276,158.4004454
1030,1,734,735.51729,2.302168957,1184,1190.693703,44.80566296
1030,2,733,734.5022253,2.256680983,1234,1245.964026,143.1379095
1040,0,700,698.050073,3.802215169,1076,1063.649567,152.5332073
1040,1,734,735.294928,1.676838557,1184,1191.266571,52.8030556
1040,2,733,734.643921,2.702476225,1234,1246.1747,148.2233244
1050,0,700,698.7992533,1.441792682,1076,1062.748488,175.6025832
1050,1,734,734.6656713,0.443118279,1184,1191.362628,54.20828859
1050,2,733,733.9960005,0.992016998,1234,1246.282809,150.8674008
1060,0,700,699.0412087,0.919280727,1076,1063.302562,161.2249201
1060,1,734,735.2551649,1.575439019,1184,1191.967582,63.4823571
1060,2,733,734.7118604,2.930465989,1234,1245.741936,137.8730595
1070,0,700,699.1232317,0.768722678,1076,1063.341232,160.2444107
1070,1,734,735.0074272,1.014909658,1184,1190.157971,37.92060661
1070,2,733,735.1200988,4.494818827,1234,1246.07926,145.9085231
1080,0,700,699.3034015,0.485249467,1076,1063.461772,157.2071716
1080,1,734,735.5663247,2.453373148,1184,1190.134406,37.63093383
1080,2,733,734.8061341,3.262120213,1234,1246.095414,146.2990442
1090,0,700,699.0668705,0.870730667,1076,1062.972793,169.7081221
1090,1,734,734.9629661,0.927303734,1184,1190.756654,45.65237915
1090,2,733,735.337015,5.461638939,1234,1246.565589,157.8940162
1100,0,700,698.5266452,2.170774323,1076,1063.526396,155.590797
1100,1,734,735.3130695,1.724151545,1184,1191.408236,54.88195754
1100,2,733,734.4776402,2.183420492,1234,1245.75029,138.0693065
1110,0,700,698.683384,1.733477648,1076,1062.746177,175.663816
1110,1,734,735.1695675,1.367888203,1184,1191.577235,57.41449566
1110,2,733,734.8264152,3.335792388,1234,1246.613471,159.0996405
1120,0,700,699.0126707,0.974819125,1076,1063.461313,157.2186666
1120,1,734,735.4171053,2.00818742,1184,1190.512173,42.40839447
1120,2,733,734.8199422,3.31218969,1234,1245.679865,136.4192402
1130,0,700,699.2891826,0.505261382,1076,1063.98053,144.4676676
1130,1,734,735.2965973,1.681164662,1184,1191.361791,54.19597167
1130,2,733,734.2868225,1.655912035,1234,1246.473372,155.5849992
1140,0,700,699.3149388,0.469308796,1076,1063.738056,150.3552643
1140,1,734,734.3926391,0.154165474,1184,1189.931974,35.18831321
1140,2,733,734.5831688,2.506423446,1234,1245.291504,127.4980519
1150,0,700,698.470771,2.338541415,1076,1063.289436,161.5584287
1150,1,734,735.0237896,1.048145102,1184,1190.428481,41.32537438
1150,2,733,734.3995015,1.958604329,1234,1245.64237,135.544771
1160,0,700,699.3071251,0.480075674,1076,1062.903319,171.5230594
1160,1,734,735.0885608,1.184964509,1184,1191.49794,56.21911003
1160,2,733,735.0905851,4.370546101,1234,1246.244813,149.9354348
1170,0,700,698.7714017,1.509453775,1076,1063.474461,156.8891386
1170,1,734,735.2479173,1.557297712,1184,1190.773308,45.87770349
1170,2,733,735.4745197,6.123247927,1234,1245.499856,132.246696
1180,0,700,698.9033968,1.202538649,1076,1063.392605,158.9463985
1180,1,734,735.3472387,1.815052009,1184,1190.847673,46.8906311
1180,2,733,734.7605328,3.099475723,1234,1245.119993,123.6542452
1190,0,700,699.1487736,0.72458644,1076,1063.368959,159.5431978
1190,1,734,735.0109902,1.022101089,1184,1190.48544,42.06092736
1190,2,733,735.1342634,4.555080467,1234,1245.199281,125.4238973
1200,0,700,698.8649247,1.288395983,1076,1062.971443,169.7432961
1200,1,734,734.96006,0.921715242,1184,1190.931557,48.04647866
1200,2,733,734.2156809,1.477879974,1234,1246.10605,146.5564464
1210,0,700,699.3739864,0.391892997,1076,1063.296491,161.3791497
1210,1,734,734.9816748,0.963685443,1184,1191.317146,53.54062269
1210,2,733,734.9365175,3.750099891,1234,1246.191609,148.6353225
1220,0,700,698.9954364,1.009147939,1076,1063.409344,158.5246156
1220,1,734,735.35221,1.828471902,1184,1190.701847,44.91475922
1220,2,733,734.5580277,2.427450467,1234,1246.386086,153.4151278
1230,0,700,699.5003993,0.249600853,1076,1063.895593,146.5166707
1230,1,734,734.8491746,0.721097577,1184,1191.235095,52.34660438
1230,2,733,734.6646127,2.770935446,1234,1245.930522,142.3373442
1240,0,700,699.1570044,0.710641536,1076,1062.834888,173.3201799
1240,1,734,734.9432476,0.88971601,1184,1191.516813,56.50247904
1240,2,733,734.6898636,2.855639086,1234,1245.617603,134.9686997
1250,0,700,698.704294,1.678853924,1076,1064.0314,143.2473912
1250,1,734,735.1309276,1.278997152,1184,1190.89264,47.50848182
1250,2,733,734.628338,2.651484634,1234,1245.830681,139.9650025
1260,0,700,699.0150252,0.970175349,1076,1062.678694,177.4571937
1260,1,734,735.2317343,1.517169351,1184,1190.841557,46.80690303
1260,2,733,734.3289144,1.76601352,1234,1245.759592,138.2880103
1270,0,700,699.4666926,0.284416737,1076,1063.038068,168.0116844
1270,1,734,735.2681847,1.608292402,1184,1190.714845,45.08914053
1270,2,733,734.4758218,2.178049999,1234,1246.627007,159.4413062
1280,0,700,698.8204494,1.391339544,1076,1063.118361,165.9366116
1280,1,734,735.2334071,1.521293192,1184,1191.583223,57.50527837
1280,2,733,734.8671893,3.486396007,1234,1246.344907,152.3967256
1290,0,700,699.4425371,0.310764858,1076,1063.472241,156.9447334
1290,1,734,735.2982198,1.685374523,1184,1190.49847,42.23011319
1290,2,733,734.8929058,3.583092411,1234,1244.739317,115.3329286
1300,0,700,698.8693244,1.278427358,1076,1063.307712,161.0941667
1300,1,734,735.5009832,2.25295055,1184,1190.57845,43.27600035
1300,2,733,734.8759802,3.519301728,1234,1245.493225,132.0942197
1310,0,700,698.931664,1.141341784,1076,1062.979755,169.5267809
1310,1,734,734.9491824,0.900947241,1184,1190.913703,47.79929472
1310,2,733,734.5323693,2.348155698,1234,1245.748932,138.0374012
1320,0,700,698.5773829,2.023839283,1076,1063.473083,156.9236479
1320,1,734,735.3326124,1.775855915,1184,1191.71099,59.45936767
1320,2,733,734.6204562,2.625878452,1234,1246.236224,149.725184
1330,0,700,699.0572904,0.888701395,1076,1063.162129,164.8109429
1330,1,734,735.317899,1.736857854,1184,1191.564698,57.22466077
1330,2,733,734.5708892,2.46769277,1234,1246.105669,146.5472311
1340,0,700,698.8433806,1.337768399,1076,1063.052695,167.6326968
1340,1,734,734.893949,0.799144762,1184,1191.147276,51.08355814
1340,2,733,734.6812099,2.826466644,1234,1245.345935,128.7302407
1350,0,700,697.984178,4.063538377,1076,1062.71315,176.5403745
1350,1,734,734.7869414,0.619276698,1184,1190.372307,40.60629546
1350,2,733,734.944239,3.780065373,1234,1245.583761,134.1835215
1360,0,700,699.3047209,0.483413048,1076,1063.185828,164.2030123
1360,1,734,735.1369023,1.292546834,1184,1191.514745,56.4713943
1360,2,733,735.2988072,5.284514639,1234,1245.592696,134.390592
1370,0,700,698.9292874,1.146425577,1076,1062.830147,173.4450245
1370,1,734,735.1293986,1.27554125,1184,1191.466781,55.75281415
1370,2,733,734.4699628,2.160790693,1234,1247.245354,175.4394062
1380,0,700,698.7275522,1.619123389,1076,1063.341511,160.2373437
1380,1,734,735.0309022,1.062759333,1184,1190.3317,40.09042584
1380,2,733,734.5974507,2.551848682,1234,1245.394397,129.8322899
1390,0,700,699.0217804,0.956913599,1076,1062.817133,173.7879925
1390,1,734,735.3788567,1.901245842,1184,1190.416732,41.17445112
1390,2,733,734.4606845,2.133599344,1234,1245.208007,125.6194258
1400,0,700,698.3268397,2.799465339,1076,1063.68046,151.7710758
1400,1,734,735.6537585,2.734917133,1184,1190.336623,40.15278618
1400,2,733,734.6850839,2.839507649,1234,1245.523856,132.7992601
1410,0,700,698.9679493,1.065128582,1076,1063.341813,160.2296902
1410,1,734,734.7940775,0.630559058,1184,1191.214403,52.04761167
1410,2,733,734.7982203,3.233596146,1234,1246.249294,150.0452084
1420,0,700,698.7610797,1.534923454,1076,1063.323574,160.6917728
1420,1,734,735.434439,2.057615302,1184,1191.049933,49.70156149
1420,2,733,735.6744135,7.152487629,1234,1246.06049,145.4554118
1430,0,700,698.6192734,1.906405869,1076,1063.362665,159.7022356
1430,1,734,734.9590134,0.919706649,1184,1190.872705,47.23406784
1430,2,733,734.6392489,2.687136841,1234,1245.964321,143.1449682
1440,0,700,699.396066,0.364736247,1076,1062.683692,177.3240587
1440,1,734,734.9446935,0.89244584,1184,1190.973625,48.63144712
1440,2,733,734.864074,3.474771714,1234,1246.483792,155.8450679
1450,0,700,699.1612456,0.703508931,1076,1063.260434,162.2965473
1450,1,734,734.7292198,0.531761453,1184,1191.29471,53.21279925
1450,2,733,734.791634,3.209952386,1234,1245.671389,136.221311
1460,0,700,698.9856384,1.028929506,1076,1062.933285,170.7390513
1460,1,734,735.155628,1.33547606,1184,1190.100108,37.21131431
1460,2,733,734.7059178,2.910155403,1234,1246.696291,161.1958056
1470,0,700,698.9091073,1.190046799,1076,1063.490432,156.4892802
1470,1,734,734.9498836,0.90227884,1184,1191.365094,54.2446032
1470,2,733,734.4176447,2.009716473,1234,1245.714567,137.2310728
1480,0,700,698.857658,1.304945303,1076,1062.911697,171.3036673
1480,1,734,735.3727012,1.884308689,1184,1191.19149,51.71753504
1480,2,733,734.7528798,3.072587463,1234,1245.484046,131.8833079
1490,0,700,698.9335097,1.137401493,1076,1062.78484,174.6404618
1490,1,734,735.2969831,1.682165186,1184,1191.067798,49.9537694
1490,2,733,734.5976186,2.552385208,1234,1245.723329,137.4364479
1500,0,700,699.2145024,0.617006547,1076,1063.37185,159.4701679
1500,1,734,735.1399911,1.299579787,1184,1190.607433,43.65817335
1500,2,733,734.7453797,3.046350359,1234,1246.399122,153.7382326
1510,0,700,698.8922774,1.227049395,1076,1063.158311,164.908982
1510,1,734,734.9974815,0.994969364,1184,1191.679846,58.98002864
1510,2,733,734.4318887,2.050305262,1234,1245.85435,140.5256127
1520,0,700,699.2020287,0.636758193,1076,1063.273878,161.9541909
1520,1,734,735.2182181,1.484055276,1184,1191.026717,49.37474744
1520,2,733,734.7938455,3.217881528,1234,1246.912256,166.7263654
1530,0,700,698.9773982,1.04571453,1076,1063.086415,166.7606834
1530,1,734,735.0652497,1.134756949,1184,1191.148797,51.10530556
1530,2,733,734.7603623,3.098875393,1234,1246.151056,147.6481736
1540,0,700,699.1626513,0.701152853,1076,1063.758298,149.8592741
1540,1,734,735.411186,1.991445977,1184,1190.870946,47.209897
1540,2,733,734.6994124,2.888002528,1234,1245.227542,126.05771
1550,0,700,698.972269,1.056231059,1076,1063.299679,161.2981453
1550,1,734,735.2309921,1.515341671,1184,1190.744557,45.48904818
1550,2,733,734.3471244,1.814744087,1234,1245.243968,126.4268083
1560,0,700,698.9301909,1.144491567,1076,1063.492302,156.4425106
1560,1,734,735.1250141,1.265656669,1184,1190.901629,47.63248175
1560,2,733,734.5362391,2.36003042,1234,1246.703849,161.3877726
1570,0,700,698.8008973,1.437847198,1076,1063.213481,163.4950778
1570,1,734,735.3891576,1.929758735,1184,1190.977157,48.68071368
1570,2,733,734.6222352,2.631646888,1234,1245.305542,127.8152821
1580,0,700,698.957881,1.086011925,1076,1063.054808,167.5780033
1580,1,734,735.5015793,2.254740338,1184,1190.771896,45.85857361
1580,2,733,734.6418157,2.6955587,1234,1245.529671,132.9333224
1590,0,700,698.7344691,1.601568416,1076,1062.999397,169.0156724
1590,1,734,735.4623804,2.138556389,1184,1191.079901,50.12500106
1590,2,733,734.60804,2.585792629,1234,1246.391026,153.537521
1600,0,700,699.0076227,0.98481266,1076,1063.277739,161.855936
1600,1,734,734.8645755,0.747490738,1184,1191.447178,55.46046497
1600,2,733,734.5952163,2.544714932,1234,1245.598055,134.5148817
1610,0,700,698.8459542,1.33182169,1076,1063.90211,146.3589456
1610,1,734,735.1513368,1.325576314,1184,1190.856221,47.00776404
1610,2,733,734.8335991,3.36208573,1234,1245.657817,135.9047035
1620,0,700,698.5257836,2.173313953,1076,1062.856285,172.7572533
1620,1,734,734.8730214,0.762166331,1184,1191.337551,53.83965399
1620,2,733,734.5252902,2.326510114,1234,1246.46422,155.3567701
1630,0,700,698.8718989,1.272612148,1076,1062.824147,173.6031012
1630,1,734,735.2313984,1.516342035,1184,1190.896912,47.56739484
1630,2,733,735.1437331,4.595591801,1234,1246.340572,152.2897213
1640,0,700,698.9326012,1.139340243,1076,1063.271608,162.0119636
1640,1,734,735.0665432,1.137514348,1184,1191.142541,51.01589759
1640,2,733,735.1792315,4.749049905,1234,1245.676797,136.3475896
1650,0,700,699.1879471,0.659429836,1076,1063.009019,168.7655794
1650,1,734,735.0335428,1.068210628,1184,1191.618065,58.03491273
1650,2,733,734.8794644,3.532386465,1234,1245.699517,136.8786985
1660,0,700,698.9338396,1.136698089,1076,1063.137439,165.4454695
1660,1,734,735.0282987,1.05739812,1184,1190.403744,41.00793735
1660,2,733,734.4416622,2.07839002,1234,1246.165423,147.9975233
1670,0,700,698.8464613,1.330651589,1076,1063.049653,167.7114826
1670,1,734,735.1944982,1.426825981,1184,1190.915202,47.82002306
1670,2,733,734.4900879,2.220361899,1234,1245.775142,138.653976
1680,0,700,698.8757884,1.26385178,1076,1063.02423,168.3706156
1680,1,734,735.0683631,1.14139962,1184,1190.866435,47.14792723
1680,2,733,734.8226484,3.322047332,1234,1245.739617,137.8186121
1690,0,700,699.1769704,0.677377687,1076,1063.440643,157.7374364
1690,1,734,735.0196915,1.039770772,1184,1191.113676,50.60438414
1690,2,733,734.9324289,3.734281551,1234,1245.531265,132.9700816
1700,0,700,698.8606285,1.298167495,1076,1063.125101,165.763015
1700,1,734,735.0385598,1.078606495,1184,1191.413931,54.96637627
1700,2,733,734.9065105,3.634782122,1234,1245.691619,136.6939547
1710,0,700,698.9070974,1.194436132,1076,1063.241215,162.7865937
1710,1,734,735.0146983,1.029612629,1184,1190.671303,44.50628446
1710,2,733,734.7422515,3.035440185,1234,1245.284899,127.348955
1720,0,700,699.0556321,0.891830777,1076,1062.883873,172.032789
1720,1,734,734.8822828,0.778422924,1184,1190.53445,42.69903108
1720,2,733,735.1859111,4.778207265,1234,1246.262244,150.3626392
1730,0,700,698.7438835,1.577828729,1076,1063.191589,164.0553979
1730,1,734,735.0209595,1.042358362,1184,1191.131019,50.85143121
1730,2,733,734.962806,3.852607336,1234,1246.447392,154.937565
1740,0,700,698.440862,2.430911243,1076,1063.458679,157.2847377
1740,1,734,735.0670988,1.138699768,1184,1190.036032,36.43368763
1740,2,733,734.7278174,2.985352975,1234,1246.918917,166.8984155
1750,0,700,698.6992696,1.691899598,1076,1063.202504,163.7758981
1750,1,734,735.2197802,1.487863648,1184,1191.013708,49.19210036
1750,2,733,734.5797961,2.495755567,1234,1246.132918,147.2076975
1760,0,700,699.0784511,0.849252381,1076,1063.640271,152.7629127
1760,1,734,735.0541126,1.111153412,1184,1190.715712,45.10078417
1760,2,733,734.2760196,1.628226085,1234,1245.480011,131.7906604
1770,0,700,699.0667738,0.870911139,1076,1063.084173,166.818584
1770,1,734,734.6780913,0.459807762,1184,1189.827169,33.95589687
1770,2,733,734.43838,2.068937105,1234,1246.870808,165.6577091
1780,0,700,698.6752632,1.754927702,1076,1062.700519,176.8761918
1780,1,734,735.2076273,1.458363713,1184,1191.430706,55.21539413
1780,2,733,734.5465229,2.391732975,1234,1246.402457,153.8209334
1790,0,700,698.9346354,1.135001685,1076,1063.010544,168.7259711
1790,1,734,735.4041031,1.971505438,1184,1190.999902,48.99862844
1790,2,733,734.6074356,2.583849212,1234,1246.224054,149.4274968
1800,0,700,698.8403986,1.344675322,1076,1063.381848,159.2177695
1800,1,734,735.1543624,1.332552507,1184,1190.653107,44.26383311
1800,2,733,734.804503,3.256231211,1234,1246.622213,159.3202624
1810,0,700,698.8569388,1.306588997,1076,1063.134907,165.5106201
1810,1,734,735.1178802,1.249656085,1184,1190.740567,45.43524728
1810,2,733,734.4086616,1.984327549,1234,1246.317493,151.720627
1820,0,700,698.9724215,1.055917576,1076,1063.828825,148.1374949
1820,1,734,734.87692,0.768988742,1184,1190.227019,38.77576293
1820,2,733,734.6680076,2.78224951,1234,1246.104482,146.5184912
1830,0,700,698.6277632,1.883033701,1076,1063.420313,158.2485251
1830,1,734,735.1851926,1.404681538,1184,1191.021654,49.30363086
1830,2,733,734.5951258,2.544426354,1234,1246.436327,154.6622289
1840,0,700,699.0162906,0.967684231,1076,1063.062904,167.3684631
1840,1,734,734.7077826,0.500956227,1184,1191.126666,50.78936571
1840,2,733,734.4308353,2.047289652,1234,1246.196874,148.7637374
1850,0,700,699.3371282,0.439399058,1076,1063.064511,167.3268803
1850,1,734,735.0337759,1.06869252,1184,1190.82359,46.56137655
1850,2,733,734.222161,1.493677469,1234,1245.238799,126.3106122
1860,0,700,698.6950227,1.702965802,1076,1062.673923,177.5843179
1860,1,734,735.027351,1.055450038,1184,1190.502029,42.27637703
1860,2,733,734.5529495,2.411652012,1234,1245.919187,142.0670135
1870,0,700,699.217497,0.612310992,1076,1062.981287,169.4868957
1870,1,734,735.1215904,1.257965023,1184,1191.307601,53.40103455
1870,2,733,734.6664572,2.777079631,1234,1246.097953,146.3604711
1880,0,700,699.0885384,0.830762268,1076,1062.783921,174.6647311
1880,1,734,735.0370113,1.075392499,1184,1190.081178,36.98072572
1880,2,733,734.8599322,3.459347823,1234,1245.650062,135.7239355
1890,0,700,698.6341138,1.865645103,1076,1062.655151,178.0849851
1890,1,734,735.062936,1.129832846,1184,1190.701052,44.90410023
1890,2,733,734.5787309,2.492391246,1234,1245.80521,139.3629742
1900,0,700,698.9576204,1.086555276,1076,1062.681404,177.3850047
1900,1,734,734.8160623,0.665957701,1184,1191.040021,49.5619
1900,2,733,734.976668,3.907216233,1234,1245.684472,136.5268927
1910,0,700,699.2814768,0.516275545,1076,1063.130923,165.6131344
1910,1,734,735.1637006,1.354199174,1184,1190.999085,48.98719429
1910,2,733,734.7052757,2.907965067,1234,1245.844155,140.284
1920,0,700,699.0647251,0.874739075,1076,1063.534459,155.3897112
1920,1,734,735.3448904,1.80873012,1184,1191.166968,51.36542867
1920,2,733,734.3904715,1.933411118,1234,1245.429079,130.6238421
1930,0,700,699.0991005,0.811619977,1076,1063.527434,155.5648993
1930,1,734,734.95845,0.918626495,1184,1190.90543,47.68495665
1930,2,733,734.5941439,2.54129488,1234,1246.009065,144.2176405
1940,0,700,698.9071248,1.194376204,1076,1063.764042,149.718661
1940,1,734,735.2105047,1.465321566,1184,1191.42747,55.16731161
1940,2,733,734.6713899,2.793544359,1234,1245.214675,125.7689317
1950,0,700,698.8208652,1.390358895,1076,1063.303378,161.2041981
1950,1,734,734.6827253,0.466113836,1184,1190.517558,42.47856394
1950,2,733,734.5230654,2.31972829,1234,1245.238908,126.313055
1960,0,700,698.9024285,1.204663171,1076,1063.355004,159.8959204
1960,1,734,735.0367739,1.074900042,1184,1191.081813,50.15207803
1960,2,733,734.4427914,2.081646945,1234,1246.364493,152.8806803
1970,0,700,698.6767856,1.750896339,1076,1063.600584,153.7455148
1970,1,734,735.1383464,1.295832419,1184,1191.618178,58.03662989
1970,2,733,734.5002203,2.250660932,1234,1246.190032,148.5968847
1980,0,700,699.0229395,0.954647163,1076,1063.715245,150.9152026
1980,1,734,735.0355857,1.072437743,1184,1190.855251,46.99446276
1980,2,733,734.6644221,2.770300904,1234,1246.321358,151.8158537
1990,0,700,699.1640279,0.698849292,1076,1063.369059,159.5406592
1990,1,734,735.1847691,1.403677725,1184,1191.039271,49.55133816
1990,2,733,734.7038265,2.903024691,1234,1245.831567,139.9859708
