10	0	700	704.7836827689013	22.883620833482805	1076	1066.3441759686411	93.23493772456729
10	1	734	737.533153376688	12.483172783201857	1184	1189.9477565799366	35.37580833417906
10	2	733	728.2787320028033	22.29037150135392	1234	1242.9040721072042	79.28250009029236
20	0	700	695.6859493203146	18.611033266893642	1076	1067.4300252126332	73.44446785610342
20	1	734	741.1378139789854	50.94838839859907	1184	1193.133660571555	83.42375543637993
20	2	733	732.5014507688051	0.24855133592506862	1234	1246.7217340637817	161.84251758958354
30	0	700	698.3607974713968	2.6869849297790065	1076	1062.8738413221442	172.29604163624796
30	1	734	732.8206072366916	1.3909672901443233	1184	1195.3113026976469	127.94556871779295
30	2	733	732.8725619037021	0.016240468388020395	1234	1238.7440000240406	22.5055362280971
40	0	700	698.8989474498497	1.2123167181923844	1076	1064.4716318765202	132.9032715904657
40	1	734	734.2294398270336	0.05264263422921562	1184	1190.3975849148876	40.92909274319741
40	2	733	732.7975029589849	0.04100505161988544	1234	1243.529736588265	90.81587944171656
50	0	700	698.0888190743567	3.652612530542756	1076	1062.8742659526986	172.28489428048775
50	1	734	732.6206152220393	1.9027023656696755	1184	1190.320586118531	39.949808881767815
50	2	733	735.0660591312106	4.268600333658849	1234	1240.1246880167314	37.51180330229318
60	0	700	700.6462580816323	0.41764950807500145	1076	1064.838161858234	124.58663070298475
60	1	734	735.6990110685758	2.8866386111431774	1184	1191.0387113045588	49.543456828923475
60	2	733	736.3683735726061	11.345940524630915	1234	1249.1253990076098	228.77769513940225
70	0	700	696.9091178156576	9.5535526774851	1076	1064.5836922467033	130.33208271798185
70	1	734	735.1308635483902	1.278852365077567	1184	1190.1290453146871	37.56519646948812
70	2	733	735.2262202717945	4.956056698548981	1234	1247.8983378149276	193.16379401784573
80	0	700	699.4862932364912	0.26389463887470826	1076	1061.5659997587622	208.34036296405156
80	1	734	734.900444611671	0.8108004986873225	1184	1191.1722612639958	51.44133163901433
80	2	733	736.1548883682419	9.953320616068211	1234	1244.0347854763202	100.69691955576616
90	0	700	697.1239976086603	8.271389754991898	1076	1062.7683605955988	175.0762813281031
90	1	734	735.0970532306549	1.2035257908902761	1184	1189.055170804143	25.554751859059962
90	2	733	734.5850795085347	2.51247704837662	1234	1248.517732762305	210.76456455770568
100	0	700	697.9185179150372	4.332567670020969	1076	1062.6373583768946	178.56019114755017
100	1	734	733.5822439179177	0.17452014411674657	1184	1188.765092741522	22.706108835306026
100	2	733	733.4309613687406	0.18572770134673217	1234	1245.9972174175373	143.93322576366
110	0	700	698.8903603761393	1.2313000948418134	1076	1063.6038677321517	153.66409520199022
110	1	734	736.1323923585703	4.547097170889067	1184	1190.1190663298794	37.4429727494636
110	2	733	734.0050859682367	1.0101978035463028	1234	1244.5839464922378	112.01992335055343
120	0	700	699.8148613876549	0.03427630578106896	1076	1062.6214429879524	178.9857877246086
120	1	734	734.3133853303859	0.09821036530109653	1184	1193.8275294150562	96.5803344037955
120	2	733	734.6071215848433	2.5828397884692356	1234	1244.2657021839946	105.38464133047074
130	0	700	699.1520666242084	0.7189910097813837	1076	1063.5032720541305	156.16820935307453
130	1	734	736.3511824188962	5.52805876692659	1184	1189.5455991802914	30.753670268449167
130	2	733	734.4547302309859	2.1162400449442544	1234	1245.7159980474516	137.26461024789086
140	0	700	697.9936687299219	4.025365165293343	1076	1064.0478257862183	142.8544684365893
140	1	734	735.8067874404683	3.2644808550338813	1184	1190.1510018630534	37.83482391928581
140	2	733	734.4529448613935	2.111048770249666	1234	1246.533252083159	157.08240778000726
150	0	700	698.41538376615	2.511008608581136	1076	1062.0742176799686	193.92741322489996
150	1	734	734.8821862087268	0.778252506867778	1184	1192.7888260722507	77.24346372827341
150	2	733	734.2531772045481	1.5704531059990845	1234	1244.3680903888371	107.49729831109661
160	0	700	698.3858731288879	2.605405556046294	1076	1062.7110347966682	176.5965961753641
160	1	734	735.1839035164633	1.4016275362940738	1184	1192.4475921864503	71.36181374857557
160	2	733	733.7028460807817	0.49399261327017174	1234	1243.678489703166	93.67316293428934
170	0	700	699.5022962017676	0.24770907077490864	1076	1061.6556798952479	205.75951926759572
170	1	734	734.8732782715017	0.7626149394770034	1184	1190.4229157881496	41.25384722166097
170	2	733	734.332310248732	1.7750505988763994	1234	1242.6344871529413	74.55436839430917
180	0	700	698.414805833371	2.5128405459145475	1076	1062.9006664844533	171.5925385515259
180	1	734	735.1343757046046	1.2868082391972329	1184	1191.4812160418542	55.968593464896145
180	2	733	735.1468082780293	4.608785782615178	1234	1247.4290512798063	180.33941827566844
190	0	700	698.1943246482372	3.260463475963818	1076	1063.5562915397363	154.84588024403786
190	1	734	736.0060873669613	4.024386523881763	1184	1191.4459801964172	55.44262108543664
190	2	733	734.0470872438593	1.0963916962529139	1234	1243.9734773359119	99.47025016994766
200	0	700	698.4571367832311	2.3804269056583687	1076	1063.618697722064	153.29664609762074
200	1	734	735.0459925997404	1.094100518711743	1184	1191.2985665692268	53.26907396543434
200	2	733	732.914111717165	0.007376797128337717	1234	1243.1798971494404	84.27051167430437
210	0	700	698.4303125362571	2.4639187338315125	1076	1063.0669991398622	167.26251124832459
210	1	734	733.8864309657647	0.012897925537138128	1184	1190.7200767979991	45.1594321710062
210	2	733	734.5536298577667	2.4137657349442905	1234	1247.0289237929242	169.7528552018253
220	0	700	700.1990405008091	0.03961712096235045	1076	1064.699624992148	127.69847531808442
220	1	734	734.4829218172854	0.2332134816102208	1184	1191.119685558062	50.689922445676245
220	2	733	734.9496912938216	3.8012961412038053	1234	1248.1175973539382	199.3065550479231
230	0	700	697.9571819969899	4.173105393422163	1076	1062.9995488513605	169.01173006816245
230	1	734	734.9858845050967	0.9719682573897493	1184	1191.8117473383231	61.02339647779851
230	2	733	735.9135130154957	8.488558091462902	1234	1247.543310194862	183.42125103425266
240	0	700	698.9816535908504	1.037029409027799	1076	1063.716650718779	150.88066956447332
240	1	734	734.1987683520474	0.039508857775642836	1184	1190.8079316198841	46.34793294101815
240	2	733	735.2196194975768	4.926710714023027	1234	1246.8758912028175	165.78857426679195
250	0	700	698.2242756530668	3.153196956291348	1076	1063.4267626804865	158.08629669280725
250	1	734	734.1584201412434	0.025096941151568845	1184	1191.8154189619827	61.080773551318536
250	2	733	735.8710058272546	8.24267446013007	1234	1247.08557063034	171.23215872161794
260	0	700	699.6694745037148	0.10924710369457145	1076	1062.7043914424085	176.77320691670164
260	1	734	734.8189418180516	0.6706657013536577	1184	1191.6320523936542	58.24822373948354
260	2	733	734.8381747266546	3.3788863257118704	1234	1247.3421123343	178.01196154108166
270	0	700	698.1476337590764	3.4312606905135374	1076	1062.795473549445	174.35951878340722
270	1	734	736.8581605249699	8.169081586496155	1184	1189.852934804614	34.25684582706252
270	2	733	735.002637155381	4.01055557611237	1234	1246.4856535481379	155.89154452412757
280	0	700	698.4603330320424	2.3705743722197514	1076	1064.051762514073	142.7603790201097
280	1	734	735.2313949300045	1.516333473640818	1184	1190.5452601499483	42.84043043050075
280	2	733	734.194653972459	1.4271981139121566	1234	1245.5938066579954	134.4163528229785
290	0	700	698.2690348898602	2.9962402125212124	1076	1062.8865382383708	171.9628793737111
290	1	734	734.4953012425511	0.2453233208726993	1184	1191.4389871080298	55.33852919343324
290	2	733	734.7702040403526	3.1336223444807043	1234	1245.5066174315577	132.4022447162285
300	0	700	698.6625455160452	1.7887844966509165	1076	1062.504926356436	182.11701264521454
300	1	734	735.2234037084398	1.4967166338243343	1184	1190.6236132425465	43.8722523868377
300	2	733	735.3260269240027	5.410401251185416	1234	1245.6358487504758	135.3929761439496
310	0	700	696.90760630749	9.562898749475462	1076	1063.8417401789573	147.82328187598242
310	1	734	735.6274575061502	2.6486179343246996	1184	1190.9188587616245	47.87060656330819
310	2	733	734.0533743910686	1.1095976077591168	1234	1245.4011660971437	129.9865883746586
320	0	700	699.2044850856914	0.6328439788873701	1076	1063.8046804539435	148.72581883042656
320	1	734	734.5440380098922	0.2959773562075017	1184	1192.0060757910283	64.09724957168865
320	2	733	734.4905809885308	2.221831683369568	1234	1245.3088971323562	127.89115435021317
330	0	700	699.8995526932526	0.010089661432797324	1076	1063.3341662603139	160.42334432137204
330	1	734	734.5082642400359	0.2583325376993135	1184	1191.8793471674614	62.084111785382724
330	2	733	734.9234041696893	3.6994835999782625	1234	1243.4085900649216	88.52156700974058
340	0	700	699.1944910550716	0.6488446603596958	1076	1062.7043487205242	176.7743429454266
340	1	734	735.2612930870949	1.590860251553487	1184	1191.4879448337933	56.0693178339323
340	2	733	734.9590133469636	3.837733293581588	1234	1244.9244526214625	119.34366507857841
350	0	700	699.3149643776018	0.46927380395453266	1076	1063.659536594187	152.28703707020728
350	1	734	734.3692474887353	0.13634370793729197	1184	1190.3735429717044	40.62205001216268
350	2	733	734.775035552811	3.1507512137430695	1234	1246.3857720095823	153.40734827335228
360	0	700	697.9759719221141	4.096689660070383	1076	1063.7116581018215	151.00334660652885
360	1	734	735.7847766890137	3.1854278296467444	1184	1192.2325057013732	67.77415012314152
360	2	733	735.1125321588974	4.462792122375507	1234	1245.4721953605826	131.611266391374
370	0	700	699.1413462605685	0.7372862442396547	1076	1064.0160811132755	143.61431188359208
370	1	734	734.7486473580921	0.5604728667782172	1184	1190.2658671791705	39.26109150700642
370	2	733	735.0522760935767	4.211837164266298	1234	1247.4165454058184	180.00369062638674
380	0	700	698.6937604902595	1.706261656807158	1076	1063.9756458759675	144.58509210013668
380	1	734	734.8953721635912	0.8016913113340204	1184	1190.0214751546707	36.25816303831683
380	2	733	735.4649672682118	6.0760636333555835	1234	1247.00173289572	169.0450582916449
390	0	700	699.6819077713956	0.1011826658985316	1076	1063.7735683506653	149.48563087585322
390	1	734	734.1936073005295	0.03748378681831739	1184	1191.574658139104	57.37544592429494
390	2	733	735.0146980099345	4.059008071233944	1234	1246.2506406902503	150.0781973216162
400	0	700	698.581530898123	2.012054592979766	1076	1062.7157163925692	176.47219096265414
400	1	734	734.5749518269656	0.33056960333110014	1184	1190.6085325748052	43.67270279226101
400	2	733	735.0798554901928	4.325798860085186	1234	1244.7996944689253	116.63340062213531
410	0	700	698.3035920882774	2.877799802955184	1076	1063.8559321101982	147.4783849121156
410	1	734	735.2361882275659	1.5281613339724966	1184	1190.748101246294	45.536870430235
410	2	733	734.8204450296582	3.314020106007357	1234	1247.346941946176	178.14085931459246
420	0	700	699.2051579074273	0.6317739521253609	1076	1063.1281110154468	165.68552603066078
420	1	734	735.4312707367267	2.048535921810116	1184	1191.007929766526	49.11107961256261
420	2	733	735.4910500345379	6.2053302745713745	1234	1245.5385376084896	133.137850142529
430	0	700	698.5944678759738	1.9755205516695862	1076	1062.9739858267633	169.67704524136383
430	1	734	734.7999002664214	0.6398404362211001	1184	1191.44586149533	55.440853407638855
430	2	733	734.7604888362733	3.0993209426430557	1234	1245.687290835075	136.59276706362618
440	0	700	698.6942232235857	1.705052989822897	1076	1062.7044873935697	176.77065546774685
440	1	734	735.1203787405409	1.255248522256014	1184	1190.3825262661535	40.73664153813922
440	2	733	734.1491041114656	1.3204402589871231	1234	1246.257998316077	150.2585227169457
450	0	700	699.794251457568	0.04233246271291207	1076	1061.9753272185376	196.6914466270927
450	1	734	734.95568617702	0.913336068947046	1184	1190.9588633648827	48.42577933110721
450	2	733	734.8114217079856	3.281248604161372	1234	1245.7126218506082	137.18551061534535
460	0	700	698.7297076563799	1.6136426382598437	1076	1062.8543086898653	172.80920002135045
460	1	734	734.1355592042735	0.018376297863258267	1184	1190.942593720974	48.19960757450686
460	2	733	734.9998017395869	3.9992069976549045	1234	1246.9875195680982	168.67566453173237
470	0	700	698.9920729923792	1.0159168526913496	1076	1063.3369488937155	160.352863320372
470	1	734	734.616020323801	0.3794810393358484	1184	1191.0069821578954	49.09779896106498
470	2	733	734.6686492926772	2.784390461952031	1234	1246.241017678159	149.8425137970035
480	0	700	698.4492046645013	2.4049661726045857	1076	1063.258045250679	162.35741083374245
480	1	734	734.8058195474621	0.6493451430719895	1184	1191.1597120728852	51.261476966618275
480	2	733	734.2293487749075	1.5112984103666232	1234	1246.8932971197264	166.2371106175454
490	0	700	699.4682967100191	0.28270838857650926	1076	1062.4443923895706	183.75449768793237
490	1	734	734.8461816098353	0.7160233168234571	1184	1190.497086977025	42.212139187027745
490	2	733	734.5629706982368	2.44287740354673	1234	1246.639584348279	159.75909249725842
500	0	700	699.2366956710739	0.5826334985573189	1076	1062.5824969406933	180.02938834650416
500	1	734	735.5462133174375	2.390775623021052	1184	1190.6613415672464	44.37347147552448
500	2	733	734.8892655722789	3.5693244025982183	1234	1246.5971202268074	158.6874380086406
510	0	700	698.7900455139022	1.4639898584281568	1076	1063.4805923912022	156.73556687522404
510	1	734	734.6279935616049	0.39437591341714867	1184	1191.3642467033783	54.23212950821794
510	2	733	733.9951812252148	0.9903856710199602	1234	1246.9693824244387	168.2048804713385
520	0	700	699.2195985792002	0.609026377586288	1076	1062.8789292410047	172.16249786256154
520	1	734	735.7123509910836	2.9321459166648287	1184	1189.7493073314567	33.054534791542316
520	2	733	735.2617772613708	5.115636380053783	1234	1245.7106730903101	137.139864228114
530	0	700	698.7990268004735	1.4423366259809558	1076	1063.4555519500946	157.3631768767764
530	1	734	735.0848692589128	1.1769413089340464	1184	1190.7789026838027	45.953521596467425
530	2	733	734.9647947264648	3.860418317143842	1234	1246.7299215577564	162.05090286663037
540	0	700	699.0143828124349	0.9714412404238161	1076	1064.131363283619	140.8645375054256
540	1	734	735.5798997046613	2.496083076788956	1184	1190.1930685222746	38.354097721589035
540	2	733	735.298526641003	5.2832247194007005	1234	1245.782491399591	138.82710358143544
550	0	700	699.07742362827	0.8511471616744435	1076	1062.5710795545347	180.33590433063696
550	1	734	735.7176834465179	2.950436422441499	1184	1191.0827378248068	50.16517509494935
550	2	733	735.1602132423025	4.666521252218913	1234	1246.9164170042761	166.83382822835347
560	0	700	698.88678862924	1.2392395559894496	1076	1063.742413823823	150.24841886640618
560	1	734	734.7524824013708	0.5662297643727634	1184	1190.8943779568972	47.53244741254984
560	2	733	735.4032774022097	5.775742271971852	1234	1247.4790373922501	181.68444902167693
570	0	700	698.1106830620558	3.5695184920026923	1076	1062.6965752104627	176.98111113087563
570	1	734	734.4934702639641	0.24351290141682547	1184	1191.294983114463	53.216778640301655
570	2	733	734.7995948970544	3.2385417935041008	1234	1246.552048648452	157.5539252731057
580	0	700	699.7221127415032	0.07722132843485387	1076	1062.1778383539554	191.05215256938652
580	1	734	735.184588083488	1.4032489275418956	1184	1190.0510345101347	36.615018642841584
580	2	733	735.3392533342108	5.472106161616123	1234	1246.1168441637064	146.81791248754698
590	0	700	698.9752069862923	1.050200720944155	1076	1063.8916378834392	146.61243314576436
590	1	734	735.2214418239366	1.4919201292616404	1184	1190.1765558149914	38.14984173570394
590	2	733	735.6074580386203	6.798837423165516	1234	1245.142150567226	124.14751926273587
600	0	700	699.4876519919683	0.26250048133407367	1076	1063.2679888855987	162.1041070172383
600	1	734	734.7470322709437	0.5580572138312888	1184	1191.200227568076	51.843277032080024
600	2	733	734.8950807669823	3.5913311133863974	1234	1245.6943593627684	136.75804090556915
610	0	700	698.6524949896444	1.8157697529333807	1076	1063.125338514952	165.75690835457604
610	1	734	734.633081027777	0.40079158773124907	1184	1191.3369382490753	53.83066287074375
610	2	733	734.0991848620298	1.2082073609154738	1234	1246.515585389402	156.63987763941472
620	0	700	699.5063532910821	0.24368707322550937	1076	1064.1598079732785	140.19014722963996
620	1	734	735.0768773597954	1.159664848039889	1184	1191.3592007701202	54.15783597493769
620	2	733	734.4286199290735	2.040954901746069	1234	1245.8035922121428	139.32478911055824
630	0	700	698.3227306745684	2.813232390033616	1076	1063.0054324066907	168.85878693708383
630	1	734	735.3286647668001	1.7653500625359704	1184	1191.8916260875058	62.2777623050014
630	2	733	734.9768644866564	3.9079931986032	1234	1245.6264655723874	135.17470170590855
640	0	700	699.0647169864721	0.8747543153937382	1076	1062.4596646076234	183.34068253804688
640	1	734	734.8557073939941	0.7322351441361166	1184	1190.3715869918742	40.59712079502064
640	2	733	734.2795985547228	1.6373724612487768	1234	1246.5289021211238	156.97338836070026
650	0	700	698.7764839263695	1.4969915824323146	1076	1062.8128946498073	173.89974751708155
650	1	734	735.5305471104289	2.342574457242163	1184	1189.7782374728654	33.38802829282575
650	2	733	735.1109236689251	4.4559987360283095	1234	1245.3357230398137	128.4986168353638
660	0	700	700.0248632621929	0.000618181806871219	1076	1062.9642576236179	169.93057930340487
660	1	734	735.090443784032	1.1890676461340364	1184	1191.8510484324706	61.6389614889996
660	2	733	734.8275863241013	3.3400717720420134	1234	1246.8765927511695	165.80664087947048
670	0	700	698.9281393750232	1.1488851993756717	1076	1063.8458411943186	147.7235762737225
670	1	734	734.9153556351873	0.837875938869191	1184	1191.6525652310652	58.561754615707706
670	2	733	735.3407920042557	5.479307207187501	1234	1246.5516409568138	157.5436907087656
680	0	700	698.7548046149218	1.5505115470200586	1076	1062.7597634664608	175.30386346406735
680	1	734	735.1012544448862	1.2127613523816003	1184	1191.0731889935385	50.0300025383135
680	2	733	735.2560511380109	5.089766737320228	1234	1245.1679189308516	124.72241324607256
690	0	700	699.0604491093621	0.8827558760983977	1076	1064.0662671110033	142.41398066592154
690	1	734	735.0349180715809	1.0710554148847962	1184	1192.4616200899973	71.59901454744538
690	2	733	734.4873840972837	2.212311452852346	1234	1245.3467968020386	128.74979766675398
700	0	700	698.9274899571103	1.1502777920992435	1076	1063.2597457198367	162.31407912321927
700	1	734	735.697167222199	2.880376580106763	1184	1190.7367061766545	45.383210110574616
700	2	733	735.2282326558889	4.965020768769522	1234	1245.3158647249738	128.04879447390718
710	0	700	699.1486827981606	0.7247409781476297	1076	1062.7375427864622	175.89277134092083
710	1	734	735.5121352506342	2.2865530162104752	1184	1190.2797962980048	39.43584154443529
710	2	733	735.2521170930431	5.072031400777018	1234	1246.2532004778595	150.14092195061718
720	0	700	699.2303469593832	0.5923658029307547	1076	1062.9545495363031	170.1837778007684
720	1	734	735.3340676370194	1.7797364601425683	1184	1191.8234586734593	61.20650561532554
720	2	733	734.4776018274439	2.1833071604655268	1234	1246.265362899526	150.43912705707015
730	0	700	699.4515895657419	0.30075400440319117	1076	1062.9215896009573	171.04481856578812
730	1	734	734.9616470645419	0.9247650767420941	1184	1190.7608849004193	45.70956463671825
730	2	733	734.7122009110988	2.9316319599674303	1234	1245.5971529243186	134.49395595003162
740	0	700	698.7105059096128	1.6627950091434238	1076	1063.8925857408128	146.58948004356907
740	1	734	734.9056930589627	0.8202799170532078	1184	1190.7333051869132	45.337398740112
740	2	733	734.7166063373545	2.9467373174456513	1234	1245.1750402395191	124.88152435487218
750	0	700	699.1836369321152	0.6664486586063187	1076	1063.3273167064071	160.59690185970743
750	1	734	735.0382762491857	1.078017569623213	1184	1190.7521346595674	45.59132246093199
750	2	733	734.2129541320769	1.4712577265224311	1234	1246.0176760183367	144.4245368817054
760	0	700	698.6458786541889	1.8336446191812885	1076	1063.3660329996296	159.61712216644764
760	1	734	734.7433186262425	0.5525225801190559	1184	1190.8063347953794	46.326193346791946
760	2	733	735.1674858939268	4.69799510037176	1234	1246.6433540397943	159.85440137558294
770	0	700	699.7391933001707	0.06802013467587419	1076	1063.191519953975	164.05716108941795
770	1	734	734.8278872387532	0.6853972800903846	1184	1190.6622777955668	44.38594542530178
770	2	733	734.9784484512675	3.914258274322643	1234	1245.720077867356	137.36022521688656
780	0	700	698.9392447445475	1.1252017119700504	1076	1062.996398499226	169.09365199093284
780	1	734	734.6342185205315	0.40223313178513465	1184	1190.5483350426523	42.88069183082807
780	2	733	734.5349182022057	2.3559738874625156	1234	1246.1507834989584	147.6415396385595
790	0	700	699.4883971374095	0.26173748901080157	1076	1063.6125914569864	153.44789041152717
790	1	734	734.6312957200621	0.3985342861687235	1184	1191.4831388856526	55.997367581965726
790	2	733	735.1892876860036	4.792980572086916	1234	1244.8570841804635	117.87627690167115
800	0	700	699.129599015487	0.7575978738412447	1076	1063.0945050695714	166.5517993993191
800	1	734	735.2703465904967	1.6137804599866636	1184	1189.7970831581606	33.606173142629316
800	2	733	734.6531744907688	2.732985896928792	1234	1245.5191710218064	132.69130102962464
810	0	700	698.6822058965597	1.736581299062003	1076	1062.528148763159	181.4907757475764
810	1	734	735.1502503373862	1.3230758386570274	1184	1190.4961471043835	42.19992720178953
810	2	733	735.0185474589296	4.074533843950987	1234	1246.2467116511305	149.9819462659344
820	0	700	698.5953474714216	1.973048726041601	1076	1063.0440328061131	167.85708592907264
820	1	734	734.9713456501879	0.9435123721389806	1184	1190.5600393914938	43.03411681795001
820	2	733	734.9576040779785	3.832213726118227	1234	1246.005056642855	144.12138499815515
830	0	700	698.806604480905	1.4241928649960724	1076	1062.5191270581477	181.73393527436656
830	1	734	734.8261977884376	0.6826027856192461	1184	1191.8364132730087	61.40937298538696
830	2	733	734.5755930099385	2.4824933329671555	1234	1246.1272124207794	147.0692810987065
840	0	700	698.2894696247018	2.925914164817673	1076	1063.6031359771537	153.6822376009417
840	1	734	735.1017304982123	1.213810090691134	1184	1190.9487159038258	48.2846527120818
840	2	733	734.4036137984527	1.970131695206925	1234	1245.8197291207732	139.70599648845442
850	0	700	699.2654885911122	0.5395070097863167	1076	1064.2334527292248	138.45163467538643
850	1	734	735.3809077353458	1.9069061735377897	1184	1190.7293970977316	45.28478529895895
850	2	733	734.9407435033816	3.76648534591771	1234	1244.9166542436142	119.17333987461939
860	0	700	699.015669678444	0.968906181934429	1076	1063.136272387629	165.47548808527338
860	1	734	734.4311767705688	0.18591340747810023	1184	1190.4963317849947	42.20232666073254
860	2	733	734.5639489385361	2.4459362823481947	1234	1244.932936821904	119.52910755174264
870	0	700	699.0568191703878	0.8895900773479096	1076	1063.0948873321163	166.5419329707727
870	1	734	735.3074951227527	1.709543496022093	1184	1191.2153643627114	52.06148288668566
870	2	733	734.5649221594001	2.4489813649815093	1234	1246.0633408643153	145.52419280865823
880	0	700	699.3808597625496	0.3833346336301845	1076	1062.950754381508	170.28281121173325
880	1	734	735.0985274481436	1.2067625543249196	1184	1190.79653326782	46.19286446058395
880	2	733	734.6708921560727	2.7918805972252163	1234	1245.614937538976	134.9067740343124
890	0	700	698.7824588106173	1.4824065478434407	1076	1062.8952631783914	171.73412716362532
890	1	734	735.0282375782073	1.057272517237547	1184	1190.4152604618862	41.15556679384023
890	2	733	734.1685402886401	1.36548640617506	1234	1246.0736659407867	145.77340924971202
900	0	700	698.73803704244	1.5925505062534429	1076	1062.5680666199742	180.41683432545236
900	1	734	735.0715230258268	1.1481615948769437	1184	1190.4984123762272	42.229363411502575
900	2	733	734.7460830597406	3.0488060515131408	1234	1245.8179459753308	139.66384707583646
910	0	700	698.510354374851	2.2190440885256253	1076	1063.0828362021703	166.85312057996333
910	1	734	734.9464343235633	0.8957379288186584	1184	1190.7070747809632	44.984852117433086
910	2	733	735.1721944266958	4.7184286273682785	1234	1245.86841468488	140.85926713227542
920	0	700	699.0947869849319	0.8194106026486021	1076	1063.1933910239627	164.00923346511905
920	1	734	734.6167098990138	0.3803310995416273	1184	1190.6870394614532	44.71649675903225
920	2	733	734.960736045472	3.8444858400131916	1234	1245.1313981284015	123.90802429298137
930	0	700	698.5505067903332	2.101030564870156	1076	1063.2639036448386	162.20815036795568
930	1	734	734.8100467033285	0.6561756615732949	1184	1189.9274545005223	35.1347168557626
930	2	733	734.455893310514	2.11962533159958	1234	1246.666160433967	160.43162013899058
940	0	700	699.1724538640624	0.6848326071052685	1076	1063.1308613466763	165.61472967847055
940	1	734	735.1485102853298	1.3190758755084502	1184	1191.6199289276633	58.0633168626399
940	2	733	734.6393174875482	2.6873618249812417	1234	1244.927979772046	119.42074189824658
950	0	700	699.1228136915906	0.7694558196608476	1076	1063.3515342948895	159.98368469335745
950	1	734	734.7481786594568	0.5597713064665923	1184	1190.5571795318651	42.99660341311102
950	2	733	735.3810049919184	5.6691847715404196	1234	1245.8516559682666	140.4617491901503
960	0	700	698.7738204199512	1.5035163625285999	1076	1063.5005974781038	156.2350634043844
960	1	734	735.3145058460893	1.7279256194030317	1184	1190.8746640588265	47.261005921720994
960	2	733	735.2665818494835	5.1373932804079825	1234	1245.8987495095703	141.58023989149896
970	0	700	698.9647716869127	1.0716976602174926	1076	1063.7357788980269	150.41111923808313
970	1	734	734.8168599480362	0.6672601747056275	1184	1191.8746362325592	62.009895795133666
970	2	733	734.0403596751596	1.0823482536982028	1234	1245.8650904704919	140.78037187295652
980	0	700	697.9313583433958	4.2792783034381685	1076	1063.5134292887428	155.91444812722546
980	1	734	735.3118872431073	1.7210481386277283	1184	1190.512528871317	42.41303229973806
980	2	733	734.6645023939944	2.77056821961322	1234	1245.8196572826619	139.70429827958165
990	0	700	699.0137238454397	0.9727406530542542	1076	1063.5792525333961	154.27496762914646
990	1	734	734.4749834639059	0.22560929098406118	1184	1190.5287029358246	42.62396202424527
990	2	733	734.6702299925009	2.7896682278496754	1234	1245.8819456908163	141.18063339950893
1000	0	700	699.056575871012	0.890049087156765	1076	1063.708108246448	151.09060288103743
1000	1	734	734.4858381540269	0.23603871190821824	1184	1191.0141708196084	49.19859228664531
1000	2	733	734.9418268440204	3.7706914921582166	1234	1246.0950114428613	146.28930180294526
1010	0	700	698.806333295418	1.42484020162772	1076	1063.0084370917198	168.78070679980266
1010	1	734	735.0339569967966	1.069067071224712	1184	1190.3169288304398	39.90358984884144
1010	2	733	735.1227727450275	4.506164127031726	1234	1245.7847618906007	138.88061281815573
1020	0	700	698.3732796678541	2.646219039016708	1076	1063.1936696635898	164.00209668525906
1020	1	734	735.2360840265801	1.5279037207664774	1184	1191.1415749844218	51.00209325811956
1020	2	733	735.3690865024141	5.61257085592077	1234	1245.80808925687	139.43097189821017
1030	0	700	698.1909715241459	3.272584026451081	1076	1063.4142761256262	158.4004454419826
1030	1	734	735.5172900043394	2.3021689572683455	1184	1190.6937032317978	44.80566295538067
1030	2	733	734.5022253435997	2.256680982953122	1234	1245.964025637612	143.13790945743577
1040	0	700	698.0500730349477	3.8022151690381807	1076	1063.649566514252	152.53320728588545
1040	1	734	735.2949280122943	1.676838557024594	1184	1191.2665711032964	52.80305559926267
1040	2	733	734.6439209910351	2.7024762247657867	1234	1246.174700176855	148.22332439631103
1050	0	700	698.7992532816542	1.4417926816183047	1076	1062.7484875115547	175.60258323142213
1050	1	734	734.6656712994086	0.443118278856316	1184	1191.3626278316208	54.208288586956975
1050	2	733	733.9960005012017	0.9920169983940502	1234	1246.2828091567676	150.86740078157396
1060	0	700	699.0412087155232	0.9192807271886227	1076	1063.302562458594	161.2249201179087
1060	1	734	735.2551649370173	1.575439019117638	1184	1191.9675816346103	63.48235710417885
1060	2	733	734.7118603882042	2.93046598870254	1234	1245.741935935656	137.87305951705213
1070	0	700	699.1232316850092	0.7687226781718781	1076	1063.341231865419	160.2444106850807
1070	1	734	735.0074272468397	1.0149096576750403	1184	1190.1579709813013	37.92060660654929
1070	2	733	735.1200987776733	4.494818827091906	1234	1246.0792600402146	145.90852311912641
1080	0	700	699.3034015023735	0.48524946689549175	1076	1063.4617715925701	157.20717159688135
1080	1	734	735.5663247262421	2.4533731480373926	1184	1190.1344057440415	37.630933832529195
1080	2	733	734.8061340518179	3.2621202131362708	1234	1246.0954141818863	146.29904423137688
1090	0	700	699.0668704985367	0.8707306665011971	1076	1062.9727930045685	169.70812210181865
1090	1	734	734.9629661127419	0.9273037342892919	1184	1190.756654434827	45.65237915166658
1090	2	733	735.3370149632972	5.4616389386749145	1234	1246.5655885741073	157.8940162137365
1100	0	700	698.5266452149226	2.170774322710443	1076	1063.5263959890503	155.59079702197937
1100	1	734	735.3130695124576	1.724151544545533	1184	1191.4082357914317	54.88195754144977
1100	2	733	734.4776401767216	2.1834204918618205	1234	1245.750289635168	138.0693065103359
1110	0	700	698.6833840163754	1.733477648335813	1076	1062.7461773048863	175.66381603351206
1110	1	734	735.1695675282571	1.3678882031533333	1184	1191.5772353574916	57.41449566282154
1110	2	733	734.8264151740416	3.335792387969355	1234	1246.6134705954764	159.09964046294849
1120	0	700	699.0126707107629	0.9748191253854283	1076	1063.4613132025347	157.21866660493035
1120	1	734	735.4171052960744	2.008187420162103	1184	1190.5121727916035	42.40839446770042
1120	2	733	734.819942221668	3.3121896902100127	1234	1245.6798647326625	136.41924017329345
1130	0	700	699.2891825961426	0.5052613816265609	1076	1063.9805296465483	144.4676675775032
1130	1	734	735.2965973397816	1.6811646615286078	1184	1191.3617913356484	54.19597166962751
1130	2	733	734.2868224566621	1.6559120349698664	1234	1246.4733716058909	155.58499921864436
1140	0	700	699.314938837912	0.46930879580136714	1076	1063.7380562599972	150.3552642829947
1140	1	734	734.3926391147118	0.15416547440163117	1184	1189.9319738039558	35.1883132108175
1140	2	733	734.5831687988219	2.506423445563273	1234	1245.2915035261026	127.49805187998717
1150	0	700	698.470770973796	2.338541414584855	1076	1063.2894363324808	161.55842874605867
1150	1	734	735.0237895791255	1.0481451023259507	1184	1190.4284814985665	41.32537437741177
1150	2	733	734.39950145738	1.9586043292086979	1234	1245.6423696469146	135.5447709953991
1160	0	700	699.3071250659068	0.4800756742946524	1076	1062.903318764678	171.5230593796345
1160	1	734	735.0885607509679	1.1849645085477376	1184	1191.4979403856787	56.2191100271917
1160	2	733	735.0905851097564	4.370546101135076	1234	1246.2448125652436	149.93543475794735
1170	0	700	698.7714017030416	1.509453775288965	1076	1063.4744605480555	156.88913856221802
1170	1	734	735.2479173496886	1.5572977116537643	1184	1190.7733081646315	45.87770349306434
1170	2	733	735.4745197366401	6.123247927021412	1234	1245.4998563488307	132.24669604374154
1180	0	700	698.9033967675919	1.2025386493279866	1076	1063.3926054029885	158.94639852475564
1180	1	734	735.3472386607643	1.8150520090580735	1184	1190.8476734077576	46.89063109931074
1180	2	733	734.7605327952739	3.099475723234893	1234	1245.1199930405494	123.65424522186684
1190	0	700	699.1487735671308	0.7245864400152658	1076	1063.368958956987	159.54319783028035
1190	1	734	735.0109901526463	1.0221010887477613	1184	1190.485439642918	42.060927361932116
1190	2	733	735.1342634483515	4.555080466969132	1234	1245.1992811071157	125.42389731619791
1200	0	700	698.8649246796505	1.2883959828665852	1076	1062.9714430535842	169.74329610600063
1200	1	734	734.9600600200074	0.9217152420166171	1184	1190.9315567267167	48.04647865569202
1200	2	733	734.2156808686836	1.4778799744834301	1234	1246.106049991135	146.5564463878603
1210	0	700	699.373986424036	0.39189299729117527	1076	1063.296490654698	161.379149686178
1210	1	734	734.9816748153899	0.9636854431706992	1184	1191.3171458023467	53.540622692799325
1210	2	733	734.9365174646086	3.7500998907342815	1234	1246.1916086937074	148.63532254048172
1220	0	700	698.9954364436405	1.009147938765589	1076	1063.4093441142195	158.5246156341393
1220	1	734	735.3522100066082	1.82847190197128	1184	1190.7018474482531	44.91475921965722
1220	2	733	734.5580277492119	2.427450467314218	1234	1246.386086055671	153.41512777848902
1230	0	700	699.5003993060002	0.24960085344509145	1076	1063.8955929235576	146.51667067222849
1230	1	734	734.8491746443096	0.7210975765384066	1184	1191.2350953263228	52.346604380978526
1230	2	733	734.6646127014396	2.770935445794166	1234	1245.9305215389995	142.33734419253167
1240	0	700	699.1570044271713	0.7106415358088333	1076	1062.834887776714	173.32017985171674
1240	1	734	734.9432475865397	0.8897160095128848	1184	1191.5168130905422	56.50247903814659
1240	2	733	734.6898636294999	2.8556390863065158	1234	1245.6176030100833	134.96869969989558
1250	0	700	698.7042940442593	1.6788539237418858	1076	1064.0313997804683	143.24739121497447
1250	1	734	735.1309275624526	1.2789971515149752	1184	1190.8926396847146	47.50848182330252
1250	2	733	734.6283379975748	2.6514846343459664	1234	1245.8306805598331	139.96500250881346
1260	0	700	699.0150252038991	0.9701753489540378	1076	1062.6786939932067	177.45719372662705
1260	1	734	735.2317342857343	1.5171693506534334	1184	1190.8415570615753	46.80690302679029
1260	2	733	734.3289144142796	1.7660135204799652	1234	1245.7595922662588	138.28801026865327
1270	0	700	699.4666926433557	0.284416736650916	1076	1063.0380678762237	168.0116843813827
1270	1	734	735.268184687551	1.6082924017387168	1184	1190.714844788034	45.08914052738795
1270	2	733	734.4758218046538	2.178049999091697	1234	1246.6270070185737	159.44130624711073
1280	0	700	698.8204494313666	1.3913395439634502	1076	1063.1183614554916	165.93661159136462
1280	1	734	735.2334071477763	1.5212931921857842	1184	1191.583223481349	57.5052783680832
1280	2	733	734.8671893333618	3.4863960066201103	1234	1246.3449068689108	152.39672560208135
1290	0	700	699.4425371241821	0.3107648579151843	1076	1063.4722414865519	156.9447333712722
1290	1	734	735.298219751308	1.6853745226862338	1184	1190.498470065098	42.23011318697468
1290	2	733	734.8929058115075	3.583092411238827	1234	1244.7393169539714	115.33292863785778
1300	0	700	698.8693243796796	1.2784273583869283	1076	1063.3077123154444	161.09416666752162
1300	1	734	735.5009831942814	2.2529505495151616	1184	1190.5784496918689	43.27600034844943
1300	2	733	734.875980204509	3.51930172770965	1234	1245.493224948355	132.09421971348897
1310	0	700	698.9316640116692	1.1413417839626896	1076	1062.97975496159	169.52678086023863
1310	1	734	734.9491824067907	0.9009472413609273	1184	1190.9137034012865	47.79929472096068
1310	2	733	734.5323693086088	2.348155697966364	1234	1245.7489319186939	138.03740123010363
1320	0	700	698.5773829458229	2.023839282835436	1076	1063.4730830653502	156.92364788761498
1320	1	734	735.332612439789	1.775855914680512	1184	1191.7109900578118	59.459367671673064
1320	2	733	734.6204562480873	2.625878451965149	1234	1246.2362242524578	149.72518395643544
1330	0	700	699.057290397199	0.8887013952131438	1076	1063.1621285676956	164.81094291237696
1330	1	734	735.3178990301979	1.7368578537964339	1184	1191.5646983263562	57.22466076877576
1330	2	733	734.5708891653119	2.4676927696942634	1234	1246.1056693773278	146.5472310731717
1340	0	700	698.8433806163596	1.3377683986127409	1076	1063.0526953864987	167.63269675479137
1340	1	734	734.8939489708171	0.799144762424888	1184	1191.1472762742114	51.0835581399057
1340	2	733	734.6812098749886	2.826466643759028	1234	1245.3459349837233	128.73024065487584
1350	0	700	697.9841779898447	4.0635383766264	1076	1062.7131503157718	176.5403745312743
1350	1	734	734.7869413562435	0.6192766981662965	1184	1190.3723069179375	40.60629545639439
1350	2	733	734.9442390216177	3.7800653731809692	1234	1245.5837611140514	134.18352154740964
1360	0	700	699.3047208850296	0.4834130477140086	1076	1063.1858276768576	164.20301232718944
1360	1	734	735.1369022975204	1.2925468341070518	1184	1191.514745125662	56.47139430366233
1360	2	733	735.2988072209209	5.284514638958232	1234	1245.5926956299932	134.3905919696625
1370	0	700	698.9292873506854	1.146425577402291	1076	1062.8301471344485	173.4450245002763
1370	1	734	735.1293986231935	1.2755412500714587	1184	1191.4667807083774	55.75281414699732
1370	2	733	734.4699628204107	2.1607906933898633	1234	1247.245354137915	175.43940623878203
1380	0	700	698.7275522056384	1.619123389375692	1076	1063.3415110015678	160.23734372342844
1380	1	734	735.0309021935426	1.062759332650948	1184	1190.3317000749475	40.09042583909079
1380	2	733	734.5974506823311	2.551848682480098	1234	1245.3943973048022	129.83228993968294
1390	0	700	699.0217803933538	0.9569135988271142	1076	1062.8171326130118	173.78799254291616
1390	1	734	735.378856715591	1.901245842130514	1184	1190.4167321213654	41.17445111736232
1390	2	733	734.4606845463284	2.133599343882505	1234	1245.2080072171627	125.61942577997186
1400	0	700	698.3268397151064	2.799465338945178	1076	1063.680459596028	151.77107576509962
1400	1	734	735.653758486753	2.7349171325074506	1184	1190.3366226164967	40.152786183897454
1400	2	733	734.6850838700504	2.839507649104196	1234	1245.52385613163	132.79926014250762
1410	0	700	698.9679493314609	1.0651285824320316	1076	1063.3418133119317	160.22969022999018
1410	1	734	734.7940774883766	0.6305590575465136	1184	1191.2144030706659	52.04761166603309
1410	2	733	734.7982202718931	3.233596146247348	1234	1246.249294198476	150.0452083608187
1420	0	700	698.7610797223406	1.534923454395688	1076	1063.3235741314536	160.69177280075243
1420	1	734	735.4344390199866	2.0576153020601127	1184	1191.0499334383744	49.70156148550963
1420	2	733	735.6744135111578	7.152487628663439	1234	1246.0604896998434	145.45541180002877
1430	0	700	698.6192734271397	1.906405869002659	1076	1063.362665011427	159.7022356134114
1430	1	734	734.9590133727766	0.9197066491642604	1184	1190.872704550966	47.23406784487002
1430	2	733	734.6392488647548	2.68713684059987	1234	1245.9643206320852	143.14496818734006
1440	0	700	699.3960660238951	0.3647362474939228	1076	1062.683692002065	177.32405869586572
1440	1	734	734.9446935166545	0.8924458404090924	1184	1190.9736251061615	48.63144712128648
1440	2	733	734.8640739562095	3.474771714218518	1234	1246.4837922064924	155.8450678548792
1450	0	700	699.1612456072892	0.7035089312917056	1076	1063.2604337851565	162.29654734238284
1450	1	734	734.729219755997	0.5317614525362526	1184	1191.2947103606034	53.21279924509464
1450	2	733	734.7916339989051	3.2099523860327754	1234	1245.671388563142	136.22131099184293
1460	0	700	698.9856383750468	1.0289295061776016	1076	1062.9332846000766	170.73905134259525
1460	1	734	735.1556279938251	1.335476060112175	1184	1190.1001077294754	37.211314311206
1460	2	733	734.7059177596461	2.9101554026760605	1234	1246.6962910165485	161.19580557688906
1470	0	700	698.9091073384511	1.1900467990211951	1076	1063.4904324520821	156.48928023591986
1470	1	734	734.9498835928302	0.9022788399280983	1184	1191.3650935634014	54.24460319765655
1470	2	733	734.4176446919488	2.009716472610592	1234	1245.7145666947292	137.2310728452593
1480	0	700	698.8576579747667	1.3049453026142253	1076	1062.911697308339	171.30366734854204
1480	1	734	735.372701238068	1.8843086889933522	1184	1191.1914904600717	51.71753503730214
1480	2	733	734.7528797628851	3.0725874631320282	1234	1245.4840457999512	131.88330793537722
1490	0	700	698.9335097316099	1.137401492570813	1076	1062.7848396998238	174.64046175935295
1490	1	734	735.2969831094972	1.682165186321039	1184	1191.067798058835	49.95376940047213
1490	2	733	734.5976186053837	2.5523852082680714	1234	1245.7233292167211	137.4364479236275
1500	0	700	699.2145023568808	0.6170065473458851	1076	1063.3718501777798	159.4701679324392
1500	1	734	735.1399911345682	1.2995797868940075	1184	1190.6074331894174	43.65817335261468
1500	2	733	734.7453797177162	3.0463503590151473	1234	1246.3991222504105	153.73823258062544
1510	0	700	698.8922773834786	1.2270493951530481	1076	1063.1583107825554	164.90898195743245
1510	1	734	734.997481510508	0.9949693638053406	1184	1191.6798456128993	58.98002863796818
1510	2	733	734.4318887043173	2.050305261551523	1234	1245.8543499466587	140.52561265784612
1520	0	700	699.2020287018765	0.6367581926288352	1076	1063.273877617658	161.95419089034743
1520	1	734	735.2182180740697	1.4840552759900456	1184	1191.0267166897174	49.37474743755351
1520	2	733	734.793845458226	3.2178815279979536	1234	1246.9122564029994	166.7263654168002
1530	0	700	698.9773981566631	1.0457145299960853	1076	1063.0864147730977	166.7606834124704
1530	1	734	735.0652497118659	1.1347569486304494	1184	1191.148797490694	51.10530556295356
1530	2	733	734.760362290225	3.0988753928461206	1234	1246.1510564819682	147.64817362798203
1540	0	700	699.1626512956998	0.701152852593243	1076	1063.7582977437614	149.85927413039644
1540	1	734	735.4111860177703	1.9914459767504518	1184	1190.8709458591393	47.20989699922326
1540	2	733	734.699412406613	2.8880025277500674	1234	1245.2275424736636	126.05770999791929
1550	0	700	698.972268975271	1.056231059190419	1076	1063.299679324096	161.29814527079705
1550	1	734	735.2309921490307	1.5153416709752854	1184	1190.7445569299557	45.489048181413544
1550	2	733	734.3471243770007	1.8147440871094762	1234	1245.2439676404745	126.42680830003692
1560	0	700	698.9301908734017	1.1444915673530804	1076	1063.4923019467983	156.44251059006544
1560	1	734	735.1250140749378	1.2656566688081103	1184	1190.9016289199049	47.63248174806701
1560	2	733	734.536239050324	2.3600304197402524	1234	1246.7038487312507	161.38777258649935
1570	0	700	698.8008973364106	1.4378471978272624	1076	1063.2134806203735	163.495077845564
1570	1	734	735.3891575629773	1.929758734777	1184	1190.9771565615788	48.680713684782035
1570	2	733	734.6222351518327	2.6316468878416086	1234	1245.30554209705	127.81528210816893
1580	0	700	698.9578810409404	1.0860119248315088	1076	1063.0548077160738	167.57800326782217
1580	1	734	735.5015792814281	2.254740338414193	1184	1190.7718958650485	45.85857360706048
1580	2	733	734.641815671889	2.6955587004604884	1234	1245.5296713918085	132.9333224030875
1590	0	700	698.7344691170312	1.6015684157479084	1076	1062.9993972308203	169.01567236200418
1590	1	734	735.4623803843924	2.138556388655716	1184	1191.0799012039788	50.12500105810056
1590	2	733	734.6080399961636	2.585792629261823	1234	1246.3910258241995	153.5375209759779
1600	0	700	699.0076227231473	0.984812659613623	1076	1063.2777385653199	161.85593601234982
1600	1	734	734.8645754669028	0.7474907379702059	1184	1191.44717832268	55.460464969794515
1600	2	733	734.5952162648464	2.5447149316304536	1234	1245.5980550805189	134.51488165074937
1610	0	700	698.8459542078967	1.3318216902712436	1076	1063.902109870792	146.35894557838967
1610	1	734	735.1513367507646	1.325576313661153	1184	1190.8562208276644	47.00776403769913
1610	2	733	734.8335991191562	3.3620857297705653	1234	1245.6578172681498	135.90470345757063
1620	0	700	698.5257836138943	2.1733139530625363	1076	1062.8562846470736	172.75725327875296
1620	1	734	734.8730213807531	0.7621663312521015	1184	1191.3375509529092	53.83965398653825
1620	2	733	734.5252901735546	2.3265101135422057	1234	1246.4642195949264	155.35677011054628
1630	0	700	698.8718988751564	1.2726121478734504	1076	1062.8241470393482	173.60310124071705
1630	1	734	735.2313984061475	1.5163420346625816	1184	1190.8969119782419	47.56739483561605
1630	2	733	735.1437331459806	4.5955918011759005	1234	1246.340572164469	152.28972134646696
1640	0	700	698.9326011791793	1.1393402426894192	1076	1063.2716079708898	162.01196364671563
1640	1	734	735.0665431767584	1.1375143478898715	1184	1191.1425413956063	51.015897587949
1640	2	733	735.179231494241	4.749049905491776	1234	1245.6767970620401	136.34758962806885
1650	0	700	699.1879471472672	0.6594298356314633	1076	1063.0090193057808	168.76557939757495
1650	1	734	735.0335427558267	1.068210628121882	1184	1191.618064894084	58.03491273047507
1650	2	733	734.8794644090135	3.5323864647484946	1234	1245.6995170202013	136.8786985059789
1660	0	700	698.9338395575031	1.136698089145143	1076	1063.1374392339926	165.44546945923264
1660	1	734	735.0282986532508	1.0573981202773517	1184	1190.4037440101104	41.007937347024296
1660	2	733	734.441662241874	2.078390019645288	1234	1246.165423267246	147.99752327125202
1670	0	700	698.8464612755367	1.3306515888363253	1076	1063.0496531846934	167.71148263672185
1670	1	734	735.1944982131317	1.4268259811749135	1184	1190.91520231488	47.8200230557208
1670	2	733	734.4900878829214	2.2203618988293092	1234	1245.7751422926337	138.6539760117719
1680	0	700	698.8757883739521	1.2638517801412525	1076	1063.02422967361	168.37061556322118
1680	1	734	735.0683630564894	1.1413996204713188	1184	1190.8664348267944	47.1479272306147
1680	2	733	734.8226484390261	3.3220473322843693	1234	1245.7396172043968	137.8186121057702
1690	0	700	699.1769704215258	0.6773776870434751	1076	1063.4406434717544	157.73743640358649
1690	1	734	735.0196915083488	1.0397707721987366	1184	1191.1136758528678	50.60438413967442
1690	2	733	734.9324289252577	3.7342815511725593	1234	1245.5312653960623	132.9700816344234
1700	0	700	698.8606284648762	1.2981674950503972	1076	1063.1251013591866	165.7630150112187
1700	1	734	735.0385598178759	1.0786064953064662	1184	1191.4139312291277	54.966376270234726
1700	2	733	734.9065104567308	3.6347821216237204	1234	1245.6916189938647	136.69395469769833
1710	0	700	698.9070973824012	1.1944361315543925	1076	1063.2412150376704	162.78659371496863
1710	1	734	735.0146982945607	1.0296126289844552	1184	1190.6713030556723	44.506284460622524
1710	2	733	734.7422514700232	3.0354401847981203	1234	1245.2848994216906	127.3489549576734
1720	0	700	699.0556320755566	0.891830776717612	1076	1062.8838729406816	172.032789036184
1720	1	734	734.8822827911403	0.7784229235422397	1184	1190.5344495624404	42.699031084077355
1720	2	733	735.1859110835973	4.778207265393354	1234	1246.2622444607616	150.36263921547908
1730	0	700	698.743883473242	1.5778287287945263	1076	1063.1915887826958	164.05539791156363
1730	1	734	735.0209595300851	1.042358362071517	1184	1191.131018945867	50.85143120631448
1730	2	733	734.962805985368	3.8526073361966406	1234	1246.4473918938663	154.9375649594891
1740	0	700	698.4408620192746	2.4309112429404203	1076	1063.4586787915268	157.2847376540988
1740	1	734	735.0670987618963	1.1386997676406552	1184	1190.0360324413866	36.43368763347176
1740	2	733	734.7278174021296	2.9853529751019865	1234	1246.918916963306	166.89841550479414
1750	0	700	698.6992695904387	1.6918995983575353	1076	1063.2025042241473	163.77589813296686
1750	1	734	735.2197801638264	1.4878636480643237	1184	1191.0137080321883	49.192100360783144
1750	2	733	734.5797960523171	2.495755566916626	1234	1246.1329179286913	147.20769746435911
1760	0	700	699.078451096934	0.8492523807420894	1076	1063.6402705246232	152.7629127044969
1760	1	734	735.0541126183199	1.1111534121012168	1184	1190.7157117392999	45.10078416537018
1760	2	733	734.2760196257211	1.628226085225465	1234	1245.4800113426668	131.79066042775804
1770	0	700	699.0667738009707	0.8709111385546068	1076	1063.0841731193368	166.8185840112618
1770	1	734	734.6780912635741	0.4598077617354661	1184	1189.8271688550612	33.955896865395786
1770	2	733	734.4383800278762	2.068937104593075	1234	1246.870808409294	165.65770910875608
1780	0	700	698.6752631573675	1.7549277022280483	1076	1062.70051911585	176.87619178786977
1780	1	734	735.2076273069899	1.458363712587761	1184	1191.430706166631	55.21539413480646
1780	2	733	734.5465228660269	2.39173297514394	1234	1246.4024567490692	153.82093341253184
1790	0	700	698.9346354217712	1.1350016845446491	1076	1063.0105438504852	168.72597106016806
1790	1	734	735.4041030725933	1.971505438466029	1184	1190.9999020306145	48.998628438201294
1790	2	733	734.6074356012177	2.5838492120622063	1234	1246.224054024711	149.42749679905307
1800	0	700	698.8403986368052	1.3446753215233267	1076	1063.381847619748	159.21776949125956
1800	1	734	735.1543623811142	1.3325525069316386	1184	1190.6531070267847	44.26383310985208
1800	2	733	734.8045030372148	3.256231211317337	1234	1246.6222130556444	159.3202624220787
1810	0	700	698.8569387605753	1.306588997075123	1076	1063.1349069126659	165.51062014577207
1810	1	734	735.1178801745909	1.2496560847434635	1184	1190.7405672817554	45.43524727987104
1810	2	733	734.4086616161668	1.9843275488616503	1234	1246.317492723092	151.72062698342617
1820	0	700	698.9724214988164	1.0559175760947295	1076	1063.8288252475418	148.1374948548766
1820	1	734	734.8769200314526	0.7689887415629018	1184	1190.227018783305	38.77576292763433
1820	2	733	734.6680076468158	2.7822495098359656	1234	1246.1044822791678	146.51849124668655
1830	0	700	698.6277632490118	1.8830337007627502	1076	1063.4203129979169	158.24852507037897
1830	1	734	735.1851926163413	1.404681537829895	1184	1191.0216544245957	49.30363085844411
1830	2	733	734.5951258112216	2.544426353625298	1234	1246.4363269873625	154.66222893659992
1840	0	700	699.0162905759261	0.9676842310118752	1076	1063.0629036046935	167.3684631414531
1840	1	734	734.7077826128241	0.5009562270160757	1184	1191.1266658201948	50.78936571273325
1840	2	733	734.430835298705	2.047289652020243	1234	1246.1968740849097	148.7637374431424
1850	0	700	699.3371281736968	0.4393990581065622	1076	1063.0645108205667	167.326880311235
1850	1	734	735.0337758556768	1.0686925197803459	1184	1190.8235897117686	46.56137655455416
1850	2	733	734.2221609834565	1.4936774694834742	1234	1245.2387994114906	126.31061221172186
1860	0	700	698.6950226814758	1.702965801862486	1076	1062.6739233874728	177.58431788294524
1860	1	734	735.0273509810776	1.0554500383210557	1184	1190.5020286861	42.27637703486661
1860	2	733	734.5529494558066	2.411652012289964	1234	1245.919186778472	142.06701346010334
1870	0	700	699.2174969702726	0.6123109915325954	1076	1062.9812867125247	169.48689566148576
1870	1	734	735.1215903988948	1.257965022892987	1184	1191.3076011485098	53.401034545701386
1870	2	733	734.6664572095418	2.7770796312339026	1234	1246.0979531795476	146.36047113452662
1880	0	700	699.0885383891743	0.8307622680088962	1076	1062.7839214920386	174.66473112859808
1880	1	734	735.0370113300107	1.0753924985706185	1184	1190.0811779877363	36.9807257185283
1880	2	733	734.8599322092714	3.4593478230851606	1234	1245.6500616073504	135.72393545505935
1890	0	700	698.6341138032374	1.8656451025066842	1076	1062.6551513644336	178.08498510617974
1890	1	734	735.0629359555408	1.1298328455813311	1184	1190.7010521736981	44.90410023462463
1890	2	733	734.5787308973645	2.4923912462933004	1234	1245.805209621043	139.36297419676868
1900	0	700	698.9576203781173	1.0865552761162658	1076	1062.6814038024363	177.38500467375806
1900	1	734	734.8160623146641	0.6659577014149658	1184	1191.040021306777	49.561899999872836
1900	2	733	734.9766679621703	3.9072162326703594	1234	1245.6844722893834	136.5268926813684
1910	0	700	699.2814768305428	0.5162755450467787	1076	1063.1309233281577	165.61313438575624
1910	1	734	735.1637006374497	1.3541991736007566	1184	1190.9990852468213	48.98719429227191
1910	2	733	734.7052756570513	2.907965066531703	1234	1245.8441546769832	140.28400001230256
1920	0	700	699.0647251337681	0.874739075405112	1076	1063.534459048385	155.3897112163884
1920	1	734	735.3448903745334	1.8087301195126062	1184	1191.1669678852063	51.36542866757853
1920	2	733	734.3904715452629	1.9334111181858697	1234	1245.4290787960454	130.62384212621365
1930	0	700	699.0991004624393	0.8116199767770652	1076	1063.5274341322342	155.56489932575525
1930	1	734	734.958450048034	0.9186264945764228	1184	1190.9054295052565	47.68495665206712
1930	2	733	734.594143933168	2.5412948796562462	1234	1246.0090649304789	144.2176405044575
1940	0	700	698.9071247993386	1.194376204220718	1076	1063.7640422921559	149.71866102815034
1940	1	734	735.2105046741915	1.4653215662394636	1184	1191.4274700681149	55.16731161274233
1940	2	733	734.6713899483198	2.7935443593443186	1234	1245.2146748385862	125.76893173521917
1950	0	700	698.8208651920186	1.3903588953933967	1076	1063.30337847838	161.20419806326532
1950	1	734	734.6827253006584	0.4661138361590699	1184	1190.5175581271426	42.47856394068246
1950	2	733	734.5230654253102	2.319728289775233	1234	1245.238908089586	126.31305504616046
1960	0	700	698.9024285119306	1.2046631714229519	1076	1063.3550041350923	159.89592042353388
1960	1	734	735.0367738626167	1.0749000422050599	1184	1191.0818131880592	50.152078030569015
1960	2	733	734.4427913725426	2.081646944683403	1234	1246.3644927218475	152.88068026861868
1970	0	700	698.6767856034767	1.7508963391665906	1076	1063.6005840946955	153.74551479271878
1970	1	734	735.138346352911	1.2958324191856785	1184	1191.618177596315	58.03662988899634
1970	2	733	734.5002202944693	2.250660931937471	1234	1246.1900321860671	148.59688469735252
1980	0	700	699.0229395296367	0.9546471627465776	1076	1063.7152451139325	150.9152026107594
1980	1	734	735.0355857003549	1.0724377427795204	1184	1190.8552507440895	46.99446276433988
1980	2	733	734.6644220930368	2.770300903789066	1234	1246.3213576225503	151.81585366277824
1990	0	700	699.1640279356254	0.6988492924146855	1076	1063.3690594473387	159.5406592448634
1990	1	734	735.1847690598761	1.4036777252396722	1184	1191.039271138099	49.55133815567234
1990	2	733	734.7038264851285	2.9030246914253457	1234	1245.8315667089641	139.98597078866868
